"","sl","COMMON.NAME","timegroupsf","timegroups","freq","se"
"1",1,"Red Junglefowl","before 2000",1992,-3.50850205265075,0.0947490186684998
"2",1,"Red Junglefowl","2000-2006",2003,-3.22919726458215,0.098155643368358
"3",1,"Red Junglefowl","2007-2010",2009,-3.31771239674038,0.0902932574013209
"4",1,"Red Junglefowl","2011-2012",2012,-3.37547682600194,0.0974094878585919
"5",1,"Red Junglefowl","2013",2013,-3.49838400015782,0.104522618459938
"6",1,"Red Junglefowl","2014",2014,-3.60473235463703,0.0908845660186448
"7",1,"Red Junglefowl","2015",2015,-3.5372211817089,0.0908576134669933
"8",1,"Red Junglefowl","2016",2016,-3.68022176381572,0.0836194431956666
"9",1,"Red Junglefowl","2017",2017,-3.32749467964689,0.0798299442554058
"10",1,"Red Junglefowl","2018",2018,-3.53523738163437,0.0812886106893618
"11",1,"Red Junglefowl","2019",2019,-3.58211324625271,0.082015546433242
"12",1,"Red Junglefowl","2020",2020,-3.5547866549758,0.0775028678176286
"13",1,"Red Junglefowl","2021",2021,-3.48398126797215,0.0753088525473071
"14",1,"Red Junglefowl","2022",2022,-3.38371244710952,0.0749428895208198
"15",10,"Red Junglefowl","before 2000",1992,-3.36179925912843,0.100535701613615
"16",10,"Red Junglefowl","2000-2006",2003,-3.1418577659483,0.104466418527843
"17",10,"Red Junglefowl","2007-2010",2009,-3.1801065249473,0.0722810177423067
"18",10,"Red Junglefowl","2011-2012",2012,-3.28805584810622,0.0738263451330763
"19",10,"Red Junglefowl","2013",2013,-3.18436260228376,0.106946726073629
"20",10,"Red Junglefowl","2014",2014,-3.34450191041775,0.0830617406347525
"21",10,"Red Junglefowl","2015",2015,-3.11468337569422,0.106020924914433
"22",10,"Red Junglefowl","2016",2016,-3.47503280589062,0.0747384607993747
"23",10,"Red Junglefowl","2017",2017,-3.67531955012605,0.0745079636586073
"24",10,"Red Junglefowl","2018",2018,-3.39346212200092,0.0786013772867455
"25",10,"Red Junglefowl","2019",2019,-3.52138651092487,0.114699137154595
"26",10,"Red Junglefowl","2020",2020,-3.42880004800445,0.0699732497564075
"27",10,"Red Junglefowl","2021",2021,-3.47536085078591,0.0731534843718024
"28",10,"Red Junglefowl","2022",2022,-3.43834151908007,0.092833008712076
"29",100,"Red Junglefowl","before 2000",1992,-3.34744798834008,0.113807320765924
"30",100,"Red Junglefowl","2000-2006",2003,-3.43147028214932,0.093071816442452
"31",100,"Red Junglefowl","2007-2010",2009,-3.33539547146935,0.0848143925274236
"32",100,"Red Junglefowl","2011-2012",2012,-3.47060448636318,0.077298078868861
"33",100,"Red Junglefowl","2013",2013,-3.39812335727376,0.0705322112202527
"34",100,"Red Junglefowl","2014",2014,-3.17843688603346,0.107543284364999
"35",100,"Red Junglefowl","2015",2015,-3.28318505901,0.0751027550668262
"36",100,"Red Junglefowl","2016",2016,-3.1311764951345,0.10057361308332
"37",100,"Red Junglefowl","2017",2017,-3.11729303758552,0.0989689586150155
"38",100,"Red Junglefowl","2018",2018,-3.67099171914312,0.0850846957351076
"39",100,"Red Junglefowl","2019",2019,-3.42354632039111,0.0802205538457612
"40",100,"Red Junglefowl","2020",2020,-3.17511786580382,0.079636291341412
"41",100,"Red Junglefowl","2021",2021,-3.47729429826011,0.0759653236929049
"42",100,"Red Junglefowl","2022",2022,-3.51810348276938,0.106275324808215
"43",11,"Red Junglefowl","before 2000",1992,-3.35554730950688,0.114046753111969
"44",11,"Red Junglefowl","2000-2006",2003,-3.48021696848271,0.0743739082944639
"45",11,"Red Junglefowl","2007-2010",2009,-3.43294930676669,0.0756645076626925
"46",11,"Red Junglefowl","2011-2012",2012,-3.11966400660452,0.0977204718021569
"47",11,"Red Junglefowl","2013",2013,-3.34212443043118,0.0854118020480921
"48",11,"Red Junglefowl","2014",2014,-3.17972570983974,0.0731631013853521
"49",11,"Red Junglefowl","2015",2015,-3.67490406138378,0.0772869049827316
"50",11,"Red Junglefowl","2016",2016,-3.473893734028,0.0782523985720687
"51",11,"Red Junglefowl","2017",2017,-3.40020798239789,0.0703726936470644
"52",11,"Red Junglefowl","2018",2018,-3.19004122698835,0.100523143280058
"53",11,"Red Junglefowl","2019",2019,-3.4433907158044,0.0921281672172934
"54",11,"Red Junglefowl","2020",2020,-3.52964573258694,0.112664074065156
"55",11,"Red Junglefowl","2021",2021,-3.29133562066822,0.0696262166270405
"56",11,"Red Junglefowl","2022",2022,-3.14019075001462,0.106675150557276
"57",12,"Red Junglefowl","before 2000",1992,-3.36216325947245,0.111561435746975
"58",12,"Red Junglefowl","2000-2006",2003,-3.47633940847721,0.0800265506533938
"59",12,"Red Junglefowl","2007-2010",2009,-3.52854082546668,0.108649317722184
"60",12,"Red Junglefowl","2011-2012",2012,-3.67576542395349,0.0793852898837921
"61",12,"Red Junglefowl","2013",2013,-3.18329704531995,0.0714259956830271
"62",12,"Red Junglefowl","2014",2014,-3.4326961694101,0.0743407522488264
"63",12,"Red Junglefowl","2015",2015,-3.40001160247278,0.0691240575905576
"64",12,"Red Junglefowl","2016",2016,-3.29189018404053,0.0695215142667273
"65",12,"Red Junglefowl","2017",2017,-3.19267503569397,0.104666009342001
"66",12,"Red Junglefowl","2018",2018,-3.34506299213509,0.0879536613822056
"67",12,"Red Junglefowl","2019",2019,-3.13750261557532,0.107369052393724
"68",12,"Red Junglefowl","2020",2020,-3.44169878613789,0.0991335240645946
"69",12,"Red Junglefowl","2021",2021,-3.11855858641972,0.106649404792882
"70",12,"Red Junglefowl","2022",2022,-3.48165183300117,0.0700264040115756
"71",13,"Red Junglefowl","before 2000",1992,-3.36915149453372,0.113070206291475
"72",13,"Red Junglefowl","2000-2006",2003,-3.29456843400718,0.069881523813739
"73",13,"Red Junglefowl","2007-2010",2009,-3.43932566300531,0.0971283142081125
"74",13,"Red Junglefowl","2011-2012",2012,-3.40339276169808,0.0724194224572796
"75",13,"Red Junglefowl","2013",2013,-3.43646732286775,0.0752946353697119
"76",13,"Red Junglefowl","2014",2014,-3.52464275399775,0.117736673026962
"77",13,"Red Junglefowl","2015",2015,-3.18787655357328,0.110485987783336
"78",13,"Red Junglefowl","2016",2016,-3.12609685120142,0.0986461985636259
"79",13,"Red Junglefowl","2017",2017,-3.35083315410886,0.0880054749496737
"80",13,"Red Junglefowl","2018",2018,-3.18580011154936,0.0757883228550301
"81",13,"Red Junglefowl","2019",2019,-3.48128030474082,0.072409899883164
"82",13,"Red Junglefowl","2020",2020,-3.14791206843052,0.0994943627205088
"83",13,"Red Junglefowl","2021",2021,-3.6820160232131,0.0779544532302646
"84",13,"Red Junglefowl","2022",2022,-3.48138057293932,0.073574503176393
"85",14,"Red Junglefowl","before 2000",1992,-3.36478911690925,0.103726723584795
"86",14,"Red Junglefowl","2000-2006",2003,-3.11906387341187,0.103040348993372
"87",14,"Red Junglefowl","2007-2010",2009,-3.13962911418828,0.108642842896935
"88",14,"Red Junglefowl","2011-2012",2012,-3.18809231437062,0.102791961572577
"89",14,"Red Junglefowl","2013",2013,-3.52665153573077,0.109855973881207
"90",14,"Red Junglefowl","2014",2014,-3.43487826834579,0.0998068924086878
"91",14,"Red Junglefowl","2015",2015,-3.33624643728506,0.0831386661148835
"92",14,"Red Junglefowl","2016",2016,-3.67211819090681,0.0825808146322684
"93",14,"Red Junglefowl","2017",2017,-3.1773506355104,0.0795098002823837
"94",14,"Red Junglefowl","2018",2018,-3.42515058311481,0.0822072386819255
"95",14,"Red Junglefowl","2019",2019,-3.47306084547109,0.0770790148696955
"96",14,"Red Junglefowl","2020",2020,-3.47453504483451,0.0769465929143029
"97",14,"Red Junglefowl","2021",2021,-3.39435498860715,0.0764914575906306
"98",14,"Red Junglefowl","2022",2022,-3.2837131137988,0.0785486674525002
"99",15,"Red Junglefowl","before 2000",1992,-3.36029872175428,0.105567388910977
"100",15,"Red Junglefowl","2000-2006",2003,-3.67402551628134,0.0793397759838508
"101",15,"Red Junglefowl","2007-2010",2009,-3.47941873912509,0.0750797364888052
"102",15,"Red Junglefowl","2011-2012",2012,-3.34576644676553,0.0805312648443152
"103",15,"Red Junglefowl","2013",2013,-3.44218113615322,0.0960449038626983
"104",15,"Red Junglefowl","2014",2014,-3.13876162698861,0.100895760391418
"105",15,"Red Junglefowl","2015",2015,-3.17919950474161,0.0741473691529526
"106",15,"Red Junglefowl","2016",2016,-3.39968633203936,0.0746152187792515
"107",15,"Red Junglefowl","2017",2017,-3.43270385408165,0.0762081492008558
"108",15,"Red Junglefowl","2018",2018,-3.52491488359242,0.103420584129922
"109",15,"Red Junglefowl","2019",2019,-3.2869882397095,0.077351137332431
"110",15,"Red Junglefowl","2020",2020,-3.47682120529925,0.0734729652945408
"111",15,"Red Junglefowl","2021",2021,-3.18820155763673,0.0989023672050456
"112",15,"Red Junglefowl","2022",2022,-3.11918697557503,0.104546545540921
"113",16,"Red Junglefowl","before 2000",1992,-3.36524998963356,0.11187495617687
"114",16,"Red Junglefowl","2000-2006",2003,-3.39615138811986,0.0734175641912423
"115",16,"Red Junglefowl","2007-2010",2009,-3.47361623286511,0.0706701651500108
"116",16,"Red Junglefowl","2011-2012",2012,-3.17661543638262,0.0749569618492602
"117",16,"Red Junglefowl","2013",2013,-3.13937038877776,0.103911080645364
"118",16,"Red Junglefowl","2014",2014,-3.4780455129023,0.0734600280467911
"119",16,"Red Junglefowl","2015",2015,-3.42775478680268,0.0719138881766944
"120",16,"Red Junglefowl","2016",2016,-3.18585307596913,0.102718623430995
"121",16,"Red Junglefowl","2017",2017,-3.51984109659041,0.109200951177664
"122",16,"Red Junglefowl","2018",2018,-3.43907383591224,0.0931992245735801
"123",16,"Red Junglefowl","2019",2019,-3.11139879700021,0.108082278654762
"124",16,"Red Junglefowl","2020",2020,-3.28573171318668,0.0721275966035652
"125",16,"Red Junglefowl","2021",2021,-3.34247182643004,0.0866600795508098
"126",16,"Red Junglefowl","2022",2022,-3.66686520266369,0.0775798960049476
"127",17,"Red Junglefowl","before 2000",1992,-3.35043233649557,0.122092981480891
"128",17,"Red Junglefowl","2000-2006",2003,-3.18754087514913,0.0988748231631188
"129",17,"Red Junglefowl","2007-2010",2009,-3.29163011452019,0.0689356838381184
"130",17,"Red Junglefowl","2011-2012",2012,-3.42818737823659,0.0734419191877201
"131",17,"Red Junglefowl","2013",2013,-3.48030776140914,0.0668125300610696
"132",17,"Red Junglefowl","2014",2014,-3.46961109878947,0.0782896044248403
"133",17,"Red Junglefowl","2015",2015,-3.51789739895474,0.114775602122828
"134",17,"Red Junglefowl","2016",2016,-3.34331577378351,0.0869427059608068
"135",17,"Red Junglefowl","2017",2017,-3.43551980300891,0.0975234137230273
"136",17,"Red Junglefowl","2018",2018,-3.1349287202829,0.109735885468288
"137",17,"Red Junglefowl","2019",2019,-3.67327988063824,0.0783255541734332
"138",17,"Red Junglefowl","2020",2020,-3.11627221760296,0.0998425088210424
"139",17,"Red Junglefowl","2021",2021,-3.18140211404118,0.0695502248284322
"140",17,"Red Junglefowl","2022",2022,-3.39810794362351,0.070162971514386
"141",18,"Red Junglefowl","before 2000",1992,-3.36035478909956,0.105874871606637
"142",18,"Red Junglefowl","2000-2006",2003,-3.34101035249744,0.0802015029620654
"143",18,"Red Junglefowl","2007-2010",2009,-3.11139852275205,0.100334873572249
"144",18,"Red Junglefowl","2011-2012",2012,-3.53271455758405,0.108185507369598
"145",18,"Red Junglefowl","2013",2013,-3.47243541581,0.0689912854149417
"146",18,"Red Junglefowl","2014",2014,-3.28643843149617,0.069486712478434
"147",18,"Red Junglefowl","2015",2015,-3.43321112149748,0.0896488125223645
"148",18,"Red Junglefowl","2016",2016,-3.1796734382775,0.071851144384199
"149",18,"Red Junglefowl","2017",2017,-3.14444072846927,0.10736631716251
"150",18,"Red Junglefowl","2018",2018,-3.47765639191349,0.0714154306191499
"151",18,"Red Junglefowl","2019",2019,-3.39843230979732,0.0693742754384672
"152",18,"Red Junglefowl","2020",2020,-3.67175239610007,0.0768667043474066
"153",18,"Red Junglefowl","2021",2021,-3.42814173531325,0.0709617401765632
"154",18,"Red Junglefowl","2022",2022,-3.19595961756608,0.0968173841886452
"155",19,"Red Junglefowl","before 2000",1992,-3.36470658519296,0.112622664817868
"156",19,"Red Junglefowl","2000-2006",2003,-3.19057352604969,0.0688517453200853
"157",19,"Red Junglefowl","2007-2010",2009,-3.68432213615213,0.073684206129548
"158",19,"Red Junglefowl","2011-2012",2012,-3.44710358509334,0.0959325580012063
"159",19,"Red Junglefowl","2013",2013,-3.29674190279849,0.0703554144371739
"160",19,"Red Junglefowl","2014",2014,-3.11965505683139,0.104299983726368
"161",19,"Red Junglefowl","2015",2015,-3.14250483148696,0.100938998997896
"162",19,"Red Junglefowl","2016",2016,-3.44041292170898,0.0723633672149131
"163",19,"Red Junglefowl","2017",2017,-3.48840832394025,0.0721247089605462
"164",19,"Red Junglefowl","2018",2018,-3.47887958945758,0.0737070316012607
"165",19,"Red Junglefowl","2019",2019,-3.19794316647751,0.0970835199857032
"166",19,"Red Junglefowl","2020",2020,-3.40688048592988,0.0702198614243547
"167",19,"Red Junglefowl","2021",2021,-3.53200217859738,0.114907640302992
"168",19,"Red Junglefowl","2022",2022,-3.34563709563414,0.0859904826288111
"169",2,"Red Junglefowl","before 2000",1992,-3.45389155723652,0.110711855200979
"170",2,"Red Junglefowl","2000-2006",2003,-3.6829237973906,0.0834667322922369
"171",2,"Red Junglefowl","2007-2010",2009,-3.49529330234909,0.0806705291540641
"172",2,"Red Junglefowl","2011-2012",2012,-3.37076330710337,0.0800283692706484
"173",2,"Red Junglefowl","2013",2013,-3.53009585906696,0.0958297582486061
"174",2,"Red Junglefowl","2014",2014,-3.18514494832988,0.10464097869523
"175",2,"Red Junglefowl","2015",2015,-3.23926212495753,0.0840501293565999
"176",2,"Red Junglefowl","2016",2016,-3.43615022386531,0.0838851364949065
"177",2,"Red Junglefowl","2017",2017,-3.47274151769294,0.0819013003119793
"178",2,"Red Junglefowl","2018",2018,-3.52881421746748,0.112563835485226
"179",2,"Red Junglefowl","2019",2019,-3.32281496823031,0.0820811835661167
"180",2,"Red Junglefowl","2020",2020,-3.52817871900328,0.0817655020506306
"181",2,"Red Junglefowl","2021",2021,-3.21659343917501,0.0993507073244162
"182",2,"Red Junglefowl","2022",2022,-3.07617122214995,0.10329606364489
"183",20,"Red Junglefowl","before 2000",1992,-3.36609288762582,0.104072863750144
"184",20,"Red Junglefowl","2000-2006",2003,-3.43496761094983,0.0743232237945058
"185",20,"Red Junglefowl","2007-2010",2009,-3.40196717357206,0.0742399042525798
"186",20,"Red Junglefowl","2011-2012",2012,-3.13804737309012,0.111717010747774
"187",20,"Red Junglefowl","2013",2013,-3.12511275135193,0.093862543852958
"188",20,"Red Junglefowl","2014",2014,-3.67666441633554,0.0867454916779191
"189",20,"Red Junglefowl","2015",2015,-3.48281101632477,0.0771383694010771
"190",20,"Red Junglefowl","2016",2016,-3.53410142032094,0.110871825590182
"191",20,"Red Junglefowl","2017",2017,-3.4774143732222,0.0795180853202601
"192",20,"Red Junglefowl","2018",2018,-3.2921957369684,0.0769983488429343
"193",20,"Red Junglefowl","2019",2019,-3.35067386576869,0.0830331093710893
"194",20,"Red Junglefowl","2020",2020,-3.20172654519536,0.0940119122500573
"195",20,"Red Junglefowl","2021",2021,-3.44987508771108,0.093286138692802
"196",20,"Red Junglefowl","2022",2022,-3.18409508704031,0.0765778383221113
"197",21,"Red Junglefowl","before 2000",1992,-3.35158922270718,0.113017081235706
"198",21,"Red Junglefowl","2000-2006",2003,-3.5184029177058,0.113651879981216
"199",21,"Red Junglefowl","2007-2010",2009,-3.18203251152908,0.105621488943006
"200",21,"Red Junglefowl","2011-2012",2012,-3.46764971108016,0.0778069164411225
"201",21,"Red Junglefowl","2013",2013,-3.6692894785599,0.0784397335883715
"202",21,"Red Junglefowl","2014",2014,-3.38991936472665,0.0750619510272601
"203",21,"Red Junglefowl","2015",2015,-3.4669082881476,0.0749741247780717
"204",21,"Red Junglefowl","2016",2016,-3.43370006502114,0.0975878213625405
"205",21,"Red Junglefowl","2017",2017,-3.27720829522146,0.0754344701508449
"206",21,"Red Junglefowl","2018",2018,-3.1172894771844,0.0991472499480789
"207",21,"Red Junglefowl","2019",2019,-3.17468146117924,0.0691056898248616
"208",21,"Red Junglefowl","2020",2020,-3.33063807008635,0.0828616688285053
"209",21,"Red Junglefowl","2021",2021,-3.12373349968199,0.108378995554685
"210",21,"Red Junglefowl","2022",2022,-3.42583842673188,0.0717606634580381
"211",22,"Red Junglefowl","before 2000",1992,-3.36366074795912,0.1013599826547
"212",22,"Red Junglefowl","2000-2006",2003,-3.43951977700667,0.0959101648993317
"213",22,"Red Junglefowl","2007-2010",2009,-3.34164083992791,0.0805002058847745
"214",22,"Red Junglefowl","2011-2012",2012,-3.47561702481836,0.0787423800224445
"215",22,"Red Junglefowl","2013",2013,-3.39837563077821,0.076867320848785
"216",22,"Red Junglefowl","2014",2014,-3.18576432746682,0.099675997332957
"217",22,"Red Junglefowl","2015",2015,-3.28221943312273,0.0792055162692757
"218",22,"Red Junglefowl","2016",2016,-3.1449183944976,0.0994540756542821
"219",22,"Red Junglefowl","2017",2017,-3.10872039223426,0.110191490670817
"220",22,"Red Junglefowl","2018",2018,-3.67291420047027,0.0802620104866804
"221",22,"Red Junglefowl","2019",2019,-3.42713707837078,0.0788097930322246
"222",22,"Red Junglefowl","2020",2020,-3.17591216921216,0.0762292598279872
"223",22,"Red Junglefowl","2021",2021,-3.4763708798037,0.0773602556853759
"224",22,"Red Junglefowl","2022",2022,-3.51745303436002,0.118739757139424
"225",23,"Red Junglefowl","before 2000",1992,-3.34534370732198,0.115929160024513
"226",23,"Red Junglefowl","2000-2006",2003,-3.13496001868164,0.111954902012057
"227",23,"Red Junglefowl","2007-2010",2009,-3.18107724202204,0.0717401547176921
"228",23,"Red Junglefowl","2011-2012",2012,-3.2892584350781,0.0701288418218761
"229",23,"Red Junglefowl","2013",2013,-3.1876404721999,0.0997998509454504
"230",23,"Red Junglefowl","2014",2014,-3.34502747575284,0.0830232118335626
"231",23,"Red Junglefowl","2015",2015,-3.11303467606069,0.0980614721919746
"232",23,"Red Junglefowl","2016",2016,-3.48167773457931,0.0705657162704227
"233",23,"Red Junglefowl","2017",2017,-3.67192182239244,0.0824489817237306
"234",23,"Red Junglefowl","2018",2018,-3.3994923766407,0.0685815672739748
"235",23,"Red Junglefowl","2019",2019,-3.52879017982279,0.0983910251579465
"236",23,"Red Junglefowl","2020",2020,-3.42637807071769,0.0728554299690554
"237",23,"Red Junglefowl","2021",2021,-3.47625807657697,0.0723120241656829
"238",23,"Red Junglefowl","2022",2022,-3.44328106354864,0.0958256796520862
"239",24,"Red Junglefowl","before 2000",1992,-3.35953552547823,0.112362699925307
"240",24,"Red Junglefowl","2000-2006",2003,-3.47832468510413,0.0783859678895519
"241",24,"Red Junglefowl","2007-2010",2009,-3.42830582133628,0.0802682212951126
"242",24,"Red Junglefowl","2011-2012",2012,-3.11572664709533,0.0978332414069174
"243",24,"Red Junglefowl","2013",2013,-3.33702694470053,0.094432286841664
"244",24,"Red Junglefowl","2014",2014,-3.18116305109861,0.0745912117958504
"245",24,"Red Junglefowl","2015",2015,-3.67628294140973,0.0808011788060538
"246",24,"Red Junglefowl","2016",2016,-3.473061859196,0.0750384450999387
"247",24,"Red Junglefowl","2017",2017,-3.39621797331319,0.0778754004766683
"248",24,"Red Junglefowl","2018",2018,-3.19290490259108,0.0964215014742865
"249",24,"Red Junglefowl","2019",2019,-3.44318286900375,0.0970227564705157
"250",24,"Red Junglefowl","2020",2020,-3.5228215818936,0.107838034025672
"251",24,"Red Junglefowl","2021",2021,-3.28748266070073,0.0704136978216549
"252",24,"Red Junglefowl","2022",2022,-3.13553085494046,0.101810741656944
"253",25,"Red Junglefowl","before 2000",1992,-3.35879737796394,0.115238600623966
"254",25,"Red Junglefowl","2000-2006",2003,-3.46961237183956,0.0754572706734212
"255",25,"Red Junglefowl","2007-2010",2009,-3.51366333682005,0.114715378024957
"256",25,"Red Junglefowl","2011-2012",2012,-3.67731428483937,0.0759584346041146
"257",25,"Red Junglefowl","2013",2013,-3.18047954097506,0.0749702943162192
"258",25,"Red Junglefowl","2014",2014,-3.43161590742701,0.0766487398159285
"259",25,"Red Junglefowl","2015",2015,-3.40004078378745,0.0712860377269202
"260",25,"Red Junglefowl","2016",2016,-3.29070459713148,0.0702900239989286
"261",25,"Red Junglefowl","2017",2017,-3.19220206821572,0.106016202454913
"262",25,"Red Junglefowl","2018",2018,-3.34062075891174,0.0878229358831104
"263",25,"Red Junglefowl","2019",2019,-3.13305654995257,0.10326994655402
"264",25,"Red Junglefowl","2020",2020,-3.44074379326123,0.0927435212252472
"265",25,"Red Junglefowl","2021",2021,-3.1199921179596,0.0968220163654755
"266",25,"Red Junglefowl","2022",2022,-3.48058214422619,0.0676393428993594
"267",26,"Red Junglefowl","before 2000",1992,-3.34907709428722,0.118394102842442
"268",26,"Red Junglefowl","2000-2006",2003,-3.2900695869441,0.0715030383589956
"269",26,"Red Junglefowl","2007-2010",2009,-3.44190604988531,0.0991504778401608
"270",26,"Red Junglefowl","2011-2012",2012,-3.40039353749901,0.072218696823639
"271",26,"Red Junglefowl","2013",2013,-3.4267051791027,0.0806968018871392
"272",26,"Red Junglefowl","2014",2014,-3.52164978694035,0.111973503411306
"273",26,"Red Junglefowl","2015",2015,-3.19521834947609,0.0931504928847483
"274",26,"Red Junglefowl","2016",2016,-3.1139443645662,0.0968683055361939
"275",26,"Red Junglefowl","2017",2017,-3.33999915150198,0.0825082368339463
"276",26,"Red Junglefowl","2018",2018,-3.1818367645359,0.0719413576986135
"277",26,"Red Junglefowl","2019",2019,-3.47953917706572,0.0756387640917963
"278",26,"Red Junglefowl","2020",2020,-3.13788938718106,0.099629759985071
"279",26,"Red Junglefowl","2021",2021,-3.67053585040862,0.0833729340454715
"280",26,"Red Junglefowl","2022",2022,-3.47492129839871,0.0748898253101133
"281",27,"Red Junglefowl","before 2000",1992,-3.36454261996988,0.110144358064408
"282",27,"Red Junglefowl","2000-2006",2003,-3.11546801944596,0.106548548254059
"283",27,"Red Junglefowl","2007-2010",2009,-3.14349336323057,0.0979448508212987
"284",27,"Red Junglefowl","2011-2012",2012,-3.18902534942745,0.108500645555676
"285",27,"Red Junglefowl","2013",2013,-3.52898762529614,0.111194305852378
"286",27,"Red Junglefowl","2014",2014,-3.44838143949742,0.100258510451133
"287",27,"Red Junglefowl","2015",2015,-3.34004857753788,0.0913214903145799
"288",27,"Red Junglefowl","2016",2016,-3.67445059694165,0.0848096884289564
"289",27,"Red Junglefowl","2017",2017,-3.18397473895083,0.0775681038125953
"290",27,"Red Junglefowl","2018",2018,-3.43535200374243,0.0764113455997032
"291",27,"Red Junglefowl","2019",2019,-3.47450672063812,0.073406512709997
"292",27,"Red Junglefowl","2020",2020,-3.48138278881838,0.0783752408480686
"293",27,"Red Junglefowl","2021",2021,-3.40301555628538,0.0717118628680774
"294",27,"Red Junglefowl","2022",2022,-3.2913510475021,0.0732510239765416
"295",28,"Red Junglefowl","before 2000",1992,-3.36934958930584,0.110108931909763
"296",28,"Red Junglefowl","2000-2006",2003,-3.68073236049215,0.079546599431077
"297",28,"Red Junglefowl","2007-2010",2009,-3.48343794420429,0.0738282986881624
"298",28,"Red Junglefowl","2011-2012",2012,-3.34501436297594,0.0828076555744338
"299",28,"Red Junglefowl","2013",2013,-3.44507400829925,0.0929984300842873
"300",28,"Red Junglefowl","2014",2014,-3.14717946241917,0.0991978112644293
"301",28,"Red Junglefowl","2015",2015,-3.1853988053676,0.0730825559756282
"302",28,"Red Junglefowl","2016",2016,-3.40333404020947,0.0686645223091872
"303",28,"Red Junglefowl","2017",2017,-3.43192915318669,0.0798285814522194
"304",28,"Red Junglefowl","2018",2018,-3.54125278128955,0.106692972236549
"305",28,"Red Junglefowl","2019",2019,-3.29145503669283,0.0680626263802174
"306",28,"Red Junglefowl","2020",2020,-3.47723192259404,0.0737746233338544
"307",28,"Red Junglefowl","2021",2021,-3.18560354805298,0.107181098279383
"308",28,"Red Junglefowl","2022",2022,-3.11886836405259,0.104095140645055
"309",29,"Red Junglefowl","before 2000",1992,-3.3495431965601,0.119163739567341
"310",29,"Red Junglefowl","2000-2006",2003,-3.39718730695619,0.0737347405199247
"311",29,"Red Junglefowl","2007-2010",2009,-3.47369134648845,0.0754748705870897
"312",29,"Red Junglefowl","2011-2012",2012,-3.17911223353543,0.077046295486928
"313",29,"Red Junglefowl","2013",2013,-3.13987074987325,0.101022468659082
"314",29,"Red Junglefowl","2014",2014,-3.47799006237842,0.0777233303935395
"315",29,"Red Junglefowl","2015",2015,-3.42920999460505,0.0760907294103322
"316",29,"Red Junglefowl","2016",2016,-3.18822551709002,0.103699338105051
"317",29,"Red Junglefowl","2017",2017,-3.52076099474804,0.110333500724769
"318",29,"Red Junglefowl","2018",2018,-3.43696447675414,0.100158189368375
"319",29,"Red Junglefowl","2019",2019,-3.12197194491313,0.106114024529293
"320",29,"Red Junglefowl","2020",2020,-3.28730059686917,0.0720598154338262
"321",29,"Red Junglefowl","2021",2021,-3.33958464121029,0.0834128602109463
"322",29,"Red Junglefowl","2022",2022,-3.67308036122938,0.0789392595403516
"323",3,"Red Junglefowl","before 2000",1992,-3.38676715156128,0.104842231133338
"324",3,"Red Junglefowl","2000-2006",2003,-3.40149798043894,0.0744082797279211
"325",3,"Red Junglefowl","2007-2010",2009,-3.4896805953555,0.0777290111440576
"326",3,"Red Junglefowl","2011-2012",2012,-3.19530422166607,0.0786283961455915
"327",3,"Red Junglefowl","2013",2013,-3.09678327710051,0.104803563638282
"328",3,"Red Junglefowl","2014",2014,-3.48783364478034,0.0758573670922563
"329",3,"Red Junglefowl","2015",2015,-3.45446550094626,0.0760271672087909
"330",3,"Red Junglefowl","2016",2016,-3.18256386664358,0.10190800500285
"331",3,"Red Junglefowl","2017",2017,-3.49207655790136,0.110522764057408
"332",3,"Red Junglefowl","2018",2018,-3.4798635659146,0.0892568521437818
"333",3,"Red Junglefowl","2019",2019,-3.10632132422256,0.0966309913766167
"334",3,"Red Junglefowl","2020",2020,-3.30422521962895,0.0753267505458396
"335",3,"Red Junglefowl","2021",2021,-3.33596911814922,0.0850697461678273
"336",3,"Red Junglefowl","2022",2022,-3.68268407431811,0.0831666674539896
"337",30,"Red Junglefowl","before 2000",1992,-3.36362838292495,0.104614333559039
"338",30,"Red Junglefowl","2000-2006",2003,-3.19203648278079,0.110108568292133
"339",30,"Red Junglefowl","2007-2010",2009,-3.28992775168961,0.073074445660222
"340",30,"Red Junglefowl","2011-2012",2012,-3.43294667820605,0.07904783561913
"341",30,"Red Junglefowl","2013",2013,-3.48056770443758,0.0746781348026444
"342",30,"Red Junglefowl","2014",2014,-3.47669277769945,0.0765117812055954
"343",30,"Red Junglefowl","2015",2015,-3.52761459851049,0.104920686504366
"344",30,"Red Junglefowl","2016",2016,-3.34944744542917,0.0848404476656435
"345",30,"Red Junglefowl","2017",2017,-3.44752182269513,0.0962978432036734
"346",30,"Red Junglefowl","2018",2018,-3.14172788027365,0.108583134508804
"347",30,"Red Junglefowl","2019",2019,-3.68021197590195,0.0817137517461101
"348",30,"Red Junglefowl","2020",2020,-3.11097524263329,0.102367702825391
"349",30,"Red Junglefowl","2021",2021,-3.18496992343379,0.0722502721756345
"350",30,"Red Junglefowl","2022",2022,-3.40596634163098,0.0721656001541807
"351",31,"Red Junglefowl","before 2000",1992,-3.35319648117243,0.110684532013858
"352",31,"Red Junglefowl","2000-2006",2003,-3.34515110348741,0.0833345138391284
"353",31,"Red Junglefowl","2007-2010",2009,-3.12741368171727,0.117510166454835
"354",31,"Red Junglefowl","2011-2012",2012,-3.52609975862707,0.108639759491852
"355",31,"Red Junglefowl","2013",2013,-3.4788496092708,0.0758389472376387
"356",31,"Red Junglefowl","2014",2014,-3.29216474847049,0.0666066800510633
"357",31,"Red Junglefowl","2015",2015,-3.43814649629739,0.0984814893543373
"358",31,"Red Junglefowl","2016",2016,-3.18148207405049,0.0783063555726679
"359",31,"Red Junglefowl","2017",2017,-3.14068600756186,0.106927007085754
"360",31,"Red Junglefowl","2018",2018,-3.485009385654,0.0717622246625301
"361",31,"Red Junglefowl","2019",2019,-3.40053842174288,0.0727541733482223
"362",31,"Red Junglefowl","2020",2020,-3.67748658658289,0.083605234370265
"363",31,"Red Junglefowl","2021",2021,-3.43080927215829,0.0701041318777488
"364",31,"Red Junglefowl","2022",2022,-3.19589004171361,0.0933227405002103
"365",32,"Red Junglefowl","before 2000",1992,-3.36154431298337,0.106016990944202
"366",32,"Red Junglefowl","2000-2006",2003,-3.1777499978493,0.0767364119365775
"367",32,"Red Junglefowl","2007-2010",2009,-3.66928476801404,0.0840935625868043
"368",32,"Red Junglefowl","2011-2012",2012,-3.44345615940588,0.0951200610515034
"369",32,"Red Junglefowl","2013",2013,-3.28329479473021,0.0705631042023936
"370",32,"Red Junglefowl","2014",2014,-3.12150612714393,0.0962558678640016
"371",32,"Red Junglefowl","2015",2015,-3.13587955183571,0.108076899486656
"372",32,"Red Junglefowl","2016",2016,-3.43056150195924,0.0710218167314856
"373",32,"Red Junglefowl","2017",2017,-3.4764202073158,0.0762411503311149
"374",32,"Red Junglefowl","2018",2018,-3.47600007307673,0.0751656709054614
"375",32,"Red Junglefowl","2019",2019,-3.19408244224503,0.0990572932533108
"376",32,"Red Junglefowl","2020",2020,-3.39519115705222,0.0755041532312569
"377",32,"Red Junglefowl","2021",2021,-3.52429634497694,0.104316535838996
"378",32,"Red Junglefowl","2022",2022,-3.34376501632268,0.0830888489236524
"379",33,"Red Junglefowl","before 2000",1992,-3.36648241205862,0.110035073713001
"380",33,"Red Junglefowl","2000-2006",2003,-3.42432010524368,0.0744319457901638
"381",33,"Red Junglefowl","2007-2010",2009,-3.40245072103773,0.069574812442185
"382",33,"Red Junglefowl","2011-2012",2012,-3.13440245350821,0.101463020535714
"383",33,"Red Junglefowl","2013",2013,-3.11137026876199,0.102335807939107
"384",33,"Red Junglefowl","2014",2014,-3.67342406781912,0.0805846097738258
"385",33,"Red Junglefowl","2015",2015,-3.48019225524522,0.0707222925885812
"386",33,"Red Junglefowl","2016",2016,-3.52461715473705,0.109826888151577
"387",33,"Red Junglefowl","2017",2017,-3.47259682295367,0.0710897380039773
"388",33,"Red Junglefowl","2018",2018,-3.28759069367368,0.0713302062968909
"389",33,"Red Junglefowl","2019",2019,-3.34067976562818,0.0821861572856036
"390",33,"Red Junglefowl","2020",2020,-3.18980975696997,0.100158030563192
"391",33,"Red Junglefowl","2021",2021,-3.44055785872072,0.0938014098754612
"392",33,"Red Junglefowl","2022",2022,-3.18331408732397,0.0713014966739237
"393",34,"Red Junglefowl","before 2000",1992,-3.35493815803284,0.113348355962356
"394",34,"Red Junglefowl","2000-2006",2003,-3.51706537384704,0.115334589486353
"395",34,"Red Junglefowl","2007-2010",2009,-3.19662291104268,0.0961778093993207
"396",34,"Red Junglefowl","2011-2012",2012,-3.47863754040463,0.0748332858969699
"397",34,"Red Junglefowl","2013",2013,-3.67115322393814,0.0785888990033116
"398",34,"Red Junglefowl","2014",2014,-3.39793932738369,0.0689958911523867
"399",34,"Red Junglefowl","2015",2015,-3.47348997184328,0.071319924219303
"400",34,"Red Junglefowl","2016",2016,-3.44050247556007,0.0958864437923563
"401",34,"Red Junglefowl","2017",2017,-3.28913480304652,0.0677304496594472
"402",34,"Red Junglefowl","2018",2018,-3.1097629394544,0.099212810591224
"403",34,"Red Junglefowl","2019",2019,-3.17942369941289,0.0705214027096395
"404",34,"Red Junglefowl","2020",2020,-3.34121835669362,0.0847635366697823
"405",34,"Red Junglefowl","2021",2021,-3.14436646337421,0.102483590504534
"406",34,"Red Junglefowl","2022",2022,-3.42913096278875,0.0725018262444144
"407",35,"Red Junglefowl","before 2000",1992,-3.37458188003297,0.112170425226544
"408",35,"Red Junglefowl","2000-2006",2003,-3.46105763171249,0.0890243004538818
"409",35,"Red Junglefowl","2007-2010",2009,-3.35144920606867,0.0880740320962661
"410",35,"Red Junglefowl","2011-2012",2012,-3.48211045231211,0.0781074893151413
"411",35,"Red Junglefowl","2013",2013,-3.40524771690919,0.0757457530053928
"412",35,"Red Junglefowl","2014",2014,-3.19642273195167,0.0971962657739001
"413",35,"Red Junglefowl","2015",2015,-3.29419482545043,0.0749964858082213
"414",35,"Red Junglefowl","2016",2016,-3.14740235608873,0.106892429522696
"415",35,"Red Junglefowl","2017",2017,-3.1240779725892,0.103278247413406
"416",35,"Red Junglefowl","2018",2018,-3.6804265036833,0.0798840747828929
"417",35,"Red Junglefowl","2019",2019,-3.43970180389431,0.0753872868441242
"418",35,"Red Junglefowl","2020",2020,-3.18628811650093,0.0764149142650867
"419",35,"Red Junglefowl","2021",2021,-3.48451664875142,0.0727828129106233
"420",35,"Red Junglefowl","2022",2022,-3.52636022779075,0.0994299170511125
"421",36,"Red Junglefowl","before 2000",1992,-3.36168500613735,0.116304830736645
"422",36,"Red Junglefowl","2000-2006",2003,-3.13669145612506,0.107146756946819
"423",36,"Red Junglefowl","2007-2010",2009,-3.18325564515006,0.0795894580707653
"424",36,"Red Junglefowl","2011-2012",2012,-3.29515809529848,0.0745555485303283
"425",36,"Red Junglefowl","2013",2013,-3.20210031431268,0.1023078568112
"426",36,"Red Junglefowl","2014",2014,-3.35292155596126,0.0832683123730084
"427",36,"Red Junglefowl","2015",2015,-3.12354804146891,0.102076269181482
"428",36,"Red Junglefowl","2016",2016,-3.4845054094305,0.0795414203541439
"429",36,"Red Junglefowl","2017",2017,-3.67808020381559,0.0815582129390036
"430",36,"Red Junglefowl","2018",2018,-3.40348598800803,0.0770491266632313
"431",36,"Red Junglefowl","2019",2019,-3.53796438761701,0.111986847517998
"432",36,"Red Junglefowl","2020",2020,-3.43614353313508,0.0786536696726944
"433",36,"Red Junglefowl","2021",2021,-3.47944391716639,0.0787693121191483
"434",36,"Red Junglefowl","2022",2022,-3.44693868145441,0.0950427448018217
"435",37,"Red Junglefowl","before 2000",1992,-3.35660096259439,0.116780147301187
"436",37,"Red Junglefowl","2000-2006",2003,-3.47974307439196,0.072161536397508
"437",37,"Red Junglefowl","2007-2010",2009,-3.43393066514363,0.0757971911886665
"438",37,"Red Junglefowl","2011-2012",2012,-3.12688308383687,0.102805829712995
"439",37,"Red Junglefowl","2013",2013,-3.34284903003273,0.083739658444502
"440",37,"Red Junglefowl","2014",2014,-3.18137364020652,0.077767919248332
"441",37,"Red Junglefowl","2015",2015,-3.67279177813817,0.0798992922732366
"442",37,"Red Junglefowl","2016",2016,-3.47145182187687,0.0804791367153406
"443",37,"Red Junglefowl","2017",2017,-3.39844820749209,0.0724862682075895
"444",37,"Red Junglefowl","2018",2018,-3.18343833727305,0.102417351227956
"445",37,"Red Junglefowl","2019",2019,-3.44676161948317,0.0934378695108194
"446",37,"Red Junglefowl","2020",2020,-3.52358013706935,0.109600246674243
"447",37,"Red Junglefowl","2021",2021,-3.29102686809017,0.0703246860809825
"448",37,"Red Junglefowl","2022",2022,-3.13004692580129,0.100679154478039
"449",38,"Red Junglefowl","before 2000",1992,-3.35357141170201,0.107763567474227
"450",38,"Red Junglefowl","2000-2006",2003,-3.46998179381556,0.0738578877233654
"451",38,"Red Junglefowl","2007-2010",2009,-3.52344425468172,0.107777988346355
"452",38,"Red Junglefowl","2011-2012",2012,-3.67261651029719,0.0784061526076265
"453",38,"Red Junglefowl","2013",2013,-3.17722349190181,0.0749088734363117
"454",38,"Red Junglefowl","2014",2014,-3.43161151333956,0.0770152538160106
"455",38,"Red Junglefowl","2015",2015,-3.39709817293044,0.076451867957824
"456",38,"Red Junglefowl","2016",2016,-3.28820322028281,0.0689900303173454
"457",38,"Red Junglefowl","2017",2017,-3.18827378198473,0.106854440249093
"458",38,"Red Junglefowl","2018",2018,-3.33699207960213,0.0878530592128997
"459",38,"Red Junglefowl","2019",2019,-3.13503241609307,0.106157516628791
"460",38,"Red Junglefowl","2020",2020,-3.44072071470992,0.105336977404462
"461",38,"Red Junglefowl","2021",2021,-3.11351370442028,0.102694114563109
"462",38,"Red Junglefowl","2022",2022,-3.47396630921852,0.0806515270426558
"463",39,"Red Junglefowl","before 2000",1992,-3.37247593083827,0.101826005520436
"464",39,"Red Junglefowl","2000-2006",2003,-3.28550559384039,0.0734578345676126
"465",39,"Red Junglefowl","2007-2010",2009,-3.43831381868552,0.101633649553884
"466",39,"Red Junglefowl","2011-2012",2012,-3.39528617770653,0.07603715051322
"467",39,"Red Junglefowl","2013",2013,-3.42653115651167,0.0786450048834946
"468",39,"Red Junglefowl","2014",2014,-3.52380788589979,0.109500920450901
"469",39,"Red Junglefowl","2015",2015,-3.18912299641544,0.0950149351305286
"470",39,"Red Junglefowl","2016",2016,-3.11396238031098,0.103562654205539
"471",39,"Red Junglefowl","2017",2017,-3.3392806809821,0.0838899479756888
"472",39,"Red Junglefowl","2018",2018,-3.18307008161909,0.0689189006379938
"473",39,"Red Junglefowl","2019",2019,-3.47928872462407,0.0741744300021617
"474",39,"Red Junglefowl","2020",2020,-3.13081702826501,0.103887712455355
"475",39,"Red Junglefowl","2021",2021,-3.67030409527492,0.0848614903796867
"476",39,"Red Junglefowl","2022",2022,-3.46940505514382,0.0755819162013649
"477",4,"Red Junglefowl","before 2000",1992,-3.35599159603038,0.111294783231296
"478",4,"Red Junglefowl","2000-2006",2003,-3.19196850443902,0.100030890758775
"479",4,"Red Junglefowl","2007-2010",2009,-3.30358513358619,0.0735469760078574
"480",4,"Red Junglefowl","2011-2012",2012,-3.4370442949002,0.0760156815003773
"481",4,"Red Junglefowl","2013",2013,-3.49831081671827,0.0721389113843233
"482",4,"Red Junglefowl","2014",2014,-3.482572472743,0.0797688343646474
"483",4,"Red Junglefowl","2015",2015,-3.56861191504117,0.116353906079804
"484",4,"Red Junglefowl","2016",2016,-3.34657328062319,0.0831758912712506
"485",4,"Red Junglefowl","2017",2017,-3.46847377615193,0.0977413522057622
"486",4,"Red Junglefowl","2018",2018,-3.12397600219575,0.105439969013555
"487",4,"Red Junglefowl","2019",2019,-3.68438082396633,0.0825198510950794
"488",4,"Red Junglefowl","2020",2020,-3.13630974110348,0.0995885233246849
"489",4,"Red Junglefowl","2021",2021,-3.18757126126463,0.0749314161188042
"490",4,"Red Junglefowl","2022",2022,-3.40841327975898,0.0691855441686342
"491",40,"Red Junglefowl","before 2000",1992,-3.34944144682048,0.110432665882121
"492",40,"Red Junglefowl","2000-2006",2003,-3.11401210270045,0.100656822954722
"493",40,"Red Junglefowl","2007-2010",2009,-3.12673107150561,0.104337562509926
"494",40,"Red Junglefowl","2011-2012",2012,-3.18579636544843,0.100037568728551
"495",40,"Red Junglefowl","2013",2013,-3.51936839710391,0.105457992842582
"496",40,"Red Junglefowl","2014",2014,-3.43421545907123,0.0902424646744833
"497",40,"Red Junglefowl","2015",2015,-3.34203716038443,0.08360648972241
"498",40,"Red Junglefowl","2016",2016,-3.66531143583471,0.0816763695091641
"499",40,"Red Junglefowl","2017",2017,-3.17340124117288,0.0727846287580984
"500",40,"Red Junglefowl","2018",2018,-3.42329804725451,0.0721592054516952
"501",40,"Red Junglefowl","2019",2019,-3.46689109050342,0.0693803203415276
"502",40,"Red Junglefowl","2020",2020,-3.4721107038137,0.0763200753772415
"503",40,"Red Junglefowl","2021",2021,-3.39408693756017,0.0710365318792586
"504",40,"Red Junglefowl","2022",2022,-3.27949433536494,0.0707922527643953
"505",41,"Red Junglefowl","before 2000",1992,-3.34481071942955,0.110676175670654
"506",41,"Red Junglefowl","2000-2006",2003,-3.67295755513693,0.0807362548064081
"507",41,"Red Junglefowl","2007-2010",2009,-3.47829213725781,0.0738400119369532
"508",41,"Red Junglefowl","2011-2012",2012,-3.33679556069124,0.0879693964043775
"509",41,"Red Junglefowl","2013",2013,-3.43984299756062,0.0886415829237713
"510",41,"Red Junglefowl","2014",2014,-3.13437548048195,0.104369852874675
"511",41,"Red Junglefowl","2015",2015,-3.17754722561573,0.0769512200598402
"512",41,"Red Junglefowl","2016",2016,-3.3988376048145,0.0681021781404236
"513",41,"Red Junglefowl","2017",2017,-3.43216679534992,0.0718611960091935
"514",41,"Red Junglefowl","2018",2018,-3.53296143837361,0.101598725700256
"515",41,"Red Junglefowl","2019",2019,-3.28701641307395,0.0725324998995382
"516",41,"Red Junglefowl","2020",2020,-3.47139914802912,0.0768180836344097
"517",41,"Red Junglefowl","2021",2021,-3.18373435937767,0.0972418923320238
"518",41,"Red Junglefowl","2022",2022,-3.11299709447207,0.0991821115176089
"519",42,"Red Junglefowl","before 2000",1992,-3.35571497839353,0.106161135959866
"520",42,"Red Junglefowl","2000-2006",2003,-3.39630081815555,0.0680635536431425
"521",42,"Red Junglefowl","2007-2010",2009,-3.47477860891403,0.0720792271468197
"522",42,"Red Junglefowl","2011-2012",2012,-3.17973466269951,0.0723386686895494
"523",42,"Red Junglefowl","2013",2013,-3.1453268221319,0.103875420883701
"524",42,"Red Junglefowl","2014",2014,-3.47806055051349,0.0713636053594172
"525",42,"Red Junglefowl","2015",2015,-3.42797994398832,0.0738315076767094
"526",42,"Red Junglefowl","2016",2016,-3.18706443386745,0.101622199545372
"527",42,"Red Junglefowl","2017",2017,-3.51927548163258,0.10736408315285
"528",42,"Red Junglefowl","2018",2018,-3.44795226039296,0.0894741477414858
"529",42,"Red Junglefowl","2019",2019,-3.10581857003371,0.0985045230434319
"530",42,"Red Junglefowl","2020",2020,-3.28734626790777,0.0677470824961069
"531",42,"Red Junglefowl","2021",2021,-3.34165573291427,0.0835863907963903
"532",42,"Red Junglefowl","2022",2022,-3.67261937412657,0.0809618373302283
"533",43,"Red Junglefowl","before 2000",1992,-3.36375772885704,0.101870833733865
"534",43,"Red Junglefowl","2000-2006",2003,-3.18743573983243,0.106158827331542
"535",43,"Red Junglefowl","2007-2010",2009,-3.28181056352542,0.0662839172379174
"536",43,"Red Junglefowl","2011-2012",2012,-3.42587123348741,0.0728736294070901
"537",43,"Red Junglefowl","2013",2013,-3.473545385931,0.0712602295429118
"538",43,"Red Junglefowl","2014",2014,-3.46471744213625,0.0745609885168163
"539",43,"Red Junglefowl","2015",2015,-3.51701486025923,0.103047274878051
"540",43,"Red Junglefowl","2016",2016,-3.32995622983069,0.0885517139108141
"541",43,"Red Junglefowl","2017",2017,-3.42983754401964,0.088651628610331
"542",43,"Red Junglefowl","2018",2018,-3.1284494250877,0.104944568315244
"543",43,"Red Junglefowl","2019",2019,-3.66923662185523,0.0813654363283295
"544",43,"Red Junglefowl","2020",2020,-3.11165900939513,0.0955968652942338
"545",43,"Red Junglefowl","2021",2021,-3.17254222121766,0.0764910926645795
"546",43,"Red Junglefowl","2022",2022,-3.39454466450363,0.0693129945458499
"547",44,"Red Junglefowl","before 2000",1992,-3.35960094085389,0.117140806376894
"548",44,"Red Junglefowl","2000-2006",2003,-3.34641650096644,0.0821843514290954
"549",44,"Red Junglefowl","2007-2010",2009,-3.11765949727778,0.100364109469761
"550",44,"Red Junglefowl","2011-2012",2012,-3.52422974429764,0.113787101765546
"551",44,"Red Junglefowl","2013",2013,-3.47191336450249,0.0774537677968296
"552",44,"Red Junglefowl","2014",2014,-3.29253617657343,0.069237436800006
"553",44,"Red Junglefowl","2015",2015,-3.43674353556091,0.0923799173252678
"554",44,"Red Junglefowl","2016",2016,-3.1802348752829,0.0716668566357948
"555",44,"Red Junglefowl","2017",2017,-3.13787915327344,0.100103174206893
"556",44,"Red Junglefowl","2018",2018,-3.48144160371941,0.070280700488164
"557",44,"Red Junglefowl","2019",2019,-3.40222352523739,0.0717281407928246
"558",44,"Red Junglefowl","2020",2020,-3.67795926126597,0.0774429376439626
"559",44,"Red Junglefowl","2021",2021,-3.4309395864267,0.0695969401262294
"560",44,"Red Junglefowl","2022",2022,-3.19279683917524,0.101426392909593
"561",45,"Red Junglefowl","before 2000",1992,-3.34732281206937,0.107535105926985
"562",45,"Red Junglefowl","2000-2006",2003,-3.17138218888076,0.0783077199088295
"563",45,"Red Junglefowl","2007-2010",2009,-3.67212266902142,0.0780500042871686
"564",45,"Red Junglefowl","2011-2012",2012,-3.435361078058,0.0931326022572949
"565",45,"Red Junglefowl","2013",2013,-3.28371374835418,0.0699486136413019
"566",45,"Red Junglefowl","2014",2014,-3.12448474765756,0.102115659502477
"567",45,"Red Junglefowl","2015",2015,-3.13839175539124,0.101074713244344
"568",45,"Red Junglefowl","2016",2016,-3.4241951517541,0.077439765922498
"569",45,"Red Junglefowl","2017",2017,-3.47649517724224,0.072652574565277
"570",45,"Red Junglefowl","2018",2018,-3.47280103316741,0.0727761280340579
"571",45,"Red Junglefowl","2019",2019,-3.18129382044294,0.10157398842418
"572",45,"Red Junglefowl","2020",2020,-3.39301428012489,0.0708146413457161
"573",45,"Red Junglefowl","2021",2021,-3.52619239562654,0.108554307961541
"574",45,"Red Junglefowl","2022",2022,-3.34073492405102,0.0798233714775489
"575",46,"Red Junglefowl","before 2000",1992,-3.36472781675225,0.108819536510051
"576",46,"Red Junglefowl","2000-2006",2003,-3.43038932240284,0.0794310331213127
"577",46,"Red Junglefowl","2007-2010",2009,-3.39944629062742,0.072987823836535
"578",46,"Red Junglefowl","2011-2012",2012,-3.13416027354006,0.0991859769247142
"579",46,"Red Junglefowl","2013",2013,-3.1137850431947,0.109480746779166
"580",46,"Red Junglefowl","2014",2014,-3.67063125378744,0.079039611583821
"581",46,"Red Junglefowl","2015",2015,-3.48084486339892,0.0695358300828688
"582",46,"Red Junglefowl","2016",2016,-3.53279432069186,0.106857798420539
"583",46,"Red Junglefowl","2017",2017,-3.47342548501633,0.0774873174832571
"584",46,"Red Junglefowl","2018",2018,-3.29088356427112,0.068015343137844
"585",46,"Red Junglefowl","2019",2019,-3.34214973229627,0.0818986704977728
"586",46,"Red Junglefowl","2020",2020,-3.19100769374999,0.106147960126689
"587",46,"Red Junglefowl","2021",2021,-3.44711854990186,0.0920136239335815
"588",46,"Red Junglefowl","2022",2022,-3.18181234953204,0.0732643098119989
"589",47,"Red Junglefowl","before 2000",1992,-3.34783457654947,0.121761720663599
"590",47,"Red Junglefowl","2000-2006",2003,-3.52538579596271,0.111374829216689
"591",47,"Red Junglefowl","2007-2010",2009,-3.19872787185695,0.0967733813976571
"592",47,"Red Junglefowl","2011-2012",2012,-3.48132590824406,0.0719327743262964
"593",47,"Red Junglefowl","2013",2013,-3.67508144409163,0.078944320807589
"594",47,"Red Junglefowl","2014",2014,-3.40145921339122,0.0687687154279658
"595",47,"Red Junglefowl","2015",2015,-3.47863547507549,0.073889616291912
"596",47,"Red Junglefowl","2016",2016,-3.44279220809738,0.100388586366677
"597",47,"Red Junglefowl","2017",2017,-3.29167792859605,0.0684867905258392
"598",47,"Red Junglefowl","2018",2018,-3.11994883799822,0.10191115396797
"599",47,"Red Junglefowl","2019",2019,-3.18207046799111,0.0778250323475621
"600",47,"Red Junglefowl","2020",2020,-3.34390428564832,0.0819785450018635
"601",47,"Red Junglefowl","2021",2021,-3.13689788271932,0.106278332905583
"602",47,"Red Junglefowl","2022",2022,-3.43588774352288,0.0747783838310994
"603",48,"Red Junglefowl","before 2000",1992,-3.37516090639535,0.109247063663163
"604",48,"Red Junglefowl","2000-2006",2003,-3.44947814031608,0.102586739624788
"605",48,"Red Junglefowl","2007-2010",2009,-3.34873260963759,0.0872923003580095
"606",48,"Red Junglefowl","2011-2012",2012,-3.48011779600019,0.0795649250379432
"607",48,"Red Junglefowl","2013",2013,-3.40443991002965,0.0765808765305669
"608",48,"Red Junglefowl","2014",2014,-3.19426139966049,0.0946232399307815
"609",48,"Red Junglefowl","2015",2015,-3.29438694389421,0.077584453519233
"610",48,"Red Junglefowl","2016",2016,-3.14435385951532,0.103301830238973
"611",48,"Red Junglefowl","2017",2017,-3.12218982006839,0.0991357761332496
"612",48,"Red Junglefowl","2018",2018,-3.67576594207638,0.0864527643989611
"613",48,"Red Junglefowl","2019",2019,-3.43625466565222,0.0774498468476322
"614",48,"Red Junglefowl","2020",2020,-3.18806625442266,0.0748206501663762
"615",48,"Red Junglefowl","2021",2021,-3.48221863429022,0.0780650953511299
"616",48,"Red Junglefowl","2022",2022,-3.52475797694294,0.112970639801325
"617",49,"Red Junglefowl","before 2000",1992,-3.35693555857363,0.10883117205682
"618",49,"Red Junglefowl","2000-2006",2003,-3.13486817756679,0.109188965300139
"619",49,"Red Junglefowl","2007-2010",2009,-3.17984792027672,0.072213670920518
"620",49,"Red Junglefowl","2011-2012",2012,-3.28643480433283,0.0706621621698401
"621",49,"Red Junglefowl","2013",2013,-3.18453965989301,0.101643276667286
"622",49,"Red Junglefowl","2014",2014,-3.33747402155473,0.0877215149213858
"623",49,"Red Junglefowl","2015",2015,-3.09979191166989,0.117443603115
"624",49,"Red Junglefowl","2016",2016,-3.47822894405722,0.0716936637490615
"625",49,"Red Junglefowl","2017",2017,-3.67308443068398,0.0855783203746605
"626",49,"Red Junglefowl","2018",2018,-3.39706809712993,0.0722457612594526
"627",49,"Red Junglefowl","2019",2019,-3.52080202041385,0.109630120131317
"628",49,"Red Junglefowl","2020",2020,-3.42641529786103,0.079764202849945
"629",49,"Red Junglefowl","2021",2021,-3.46923957771865,0.0768895846647476
"630",49,"Red Junglefowl","2022",2022,-3.43612415986777,0.0874507997576452
"631",5,"Red Junglefowl","before 2000",1992,-3.38068473766127,0.106116258354711
"632",5,"Red Junglefowl","2000-2006",2003,-3.33815341393705,0.0923210002437189
"633",5,"Red Junglefowl","2007-2010",2009,-3.10911142972394,0.11181701107943
"634",5,"Red Junglefowl","2011-2012",2012,-3.54175671265593,0.105287028549538
"635",5,"Red Junglefowl","2013",2013,-3.47307685317842,0.0768330753009328
"636",5,"Red Junglefowl","2014",2014,-3.29071275996488,0.0710875599246814
"637",5,"Red Junglefowl","2015",2015,-3.45810685631035,0.0891395790743639
"638",5,"Red Junglefowl","2016",2016,-3.17259528419461,0.0788310459160492
"639",5,"Red Junglefowl","2017",2017,-3.13556015935746,0.118269274439892
"640",5,"Red Junglefowl","2018",2018,-3.47977512908735,0.072010873250391
"641",5,"Red Junglefowl","2019",2019,-3.39550077575995,0.0718459955723951
"642",5,"Red Junglefowl","2020",2020,-3.66498913424054,0.0804324527896999
"643",5,"Red Junglefowl","2021",2021,-3.42664635314046,0.0737546158578725
"644",5,"Red Junglefowl","2022",2022,-3.17676581096985,0.103459511153907
"645",50,"Red Junglefowl","before 2000",1992,-3.35062716197331,0.111350067381325
"646",50,"Red Junglefowl","2000-2006",2003,-3.4836358404843,0.0744545761655787
"647",50,"Red Junglefowl","2007-2010",2009,-3.43278076344528,0.0751337765502442
"648",50,"Red Junglefowl","2011-2012",2012,-3.11856515997816,0.105414192758545
"649",50,"Red Junglefowl","2013",2013,-3.34087022326759,0.0867010758120569
"650",50,"Red Junglefowl","2014",2014,-3.18502483120699,0.0713119025887182
"651",50,"Red Junglefowl","2015",2015,-3.6746015186545,0.075490196153871
"652",50,"Red Junglefowl","2016",2016,-3.47645982081666,0.0735591279864661
"653",50,"Red Junglefowl","2017",2017,-3.40320475324114,0.0697070925777993
"654",50,"Red Junglefowl","2018",2018,-3.18865532745146,0.100548166954274
"655",50,"Red Junglefowl","2019",2019,-3.43574008902124,0.0986589187409039
"656",50,"Red Junglefowl","2020",2020,-3.52752434430235,0.116471096491947
"657",50,"Red Junglefowl","2021",2021,-3.2920416638168,0.0667582123334318
"658",50,"Red Junglefowl","2022",2022,-3.13044605998358,0.107858609606298
"659",51,"Red Junglefowl","before 2000",1992,-3.35862433827901,0.116525313601538
"660",51,"Red Junglefowl","2000-2006",2003,-3.47819570187679,0.0747303560467008
"661",51,"Red Junglefowl","2007-2010",2009,-3.52288627311009,0.110489857767708
"662",51,"Red Junglefowl","2011-2012",2012,-3.67829489551658,0.0793048402458675
"663",51,"Red Junglefowl","2013",2013,-3.18095217249998,0.0796386448430439
"664",51,"Red Junglefowl","2014",2014,-3.43002729055448,0.0751885976724325
"665",51,"Red Junglefowl","2015",2015,-3.39863539131001,0.07422983124718
"666",51,"Red Junglefowl","2016",2016,-3.28707719694802,0.0695586552822544
"667",51,"Red Junglefowl","2017",2017,-3.182806128162,0.1045886928221
"668",51,"Red Junglefowl","2018",2018,-3.33863320374284,0.0896559943023516
"669",51,"Red Junglefowl","2019",2019,-3.13991593908779,0.0999039683981674
"670",51,"Red Junglefowl","2020",2020,-3.44879917710544,0.0912172422327209
"671",51,"Red Junglefowl","2021",2021,-3.11983409752002,0.100078651681706
"672",51,"Red Junglefowl","2022",2022,-3.47885246117483,0.0747133674468373
"673",52,"Red Junglefowl","before 2000",1992,-3.34777556760023,0.107890160181778
"674",52,"Red Junglefowl","2000-2006",2003,-3.28812493538533,0.0700251845291658
"675",52,"Red Junglefowl","2007-2010",2009,-3.4375591692551,0.0887378792155484
"676",52,"Red Junglefowl","2011-2012",2012,-3.40095301693155,0.0678879703109532
"677",52,"Red Junglefowl","2013",2013,-3.42800152352319,0.0714989294587338
"678",52,"Red Junglefowl","2014",2014,-3.52563846593027,0.100657975601661
"679",52,"Red Junglefowl","2015",2015,-3.18433694127972,0.0984021864687246
"680",52,"Red Junglefowl","2016",2016,-3.11480685845339,0.096936806118274
"681",52,"Red Junglefowl","2017",2017,-3.34152300681742,0.0898555890978137
"682",52,"Red Junglefowl","2018",2018,-3.18102873313163,0.0675403900166522
"683",52,"Red Junglefowl","2019",2019,-3.48067852920723,0.0731327787163716
"684",52,"Red Junglefowl","2020",2020,-3.1428849108635,0.0993189927986607
"685",52,"Red Junglefowl","2021",2021,-3.67561490464978,0.071648037062911
"686",52,"Red Junglefowl","2022",2022,-3.47509211260338,0.0731866874876931
"687",53,"Red Junglefowl","before 2000",1992,-3.3621991950331,0.104620864431598
"688",53,"Red Junglefowl","2000-2006",2003,-3.11803638420731,0.0914808961819711
"689",53,"Red Junglefowl","2007-2010",2009,-3.12892822281762,0.105373612988171
"690",53,"Red Junglefowl","2011-2012",2012,-3.1895778320262,0.0936179597279442
"691",53,"Red Junglefowl","2013",2013,-3.52520862972424,0.109674560574627
"692",53,"Red Junglefowl","2014",2014,-3.43479475718282,0.0938021824113627
"693",53,"Red Junglefowl","2015",2015,-3.34095840922176,0.0789454268820785
"694",53,"Red Junglefowl","2016",2016,-3.67436526760324,0.0805883616812746
"695",53,"Red Junglefowl","2017",2017,-3.17966679161056,0.0711019538837294
"696",53,"Red Junglefowl","2018",2018,-3.42812594124598,0.0702273454970896
"697",53,"Red Junglefowl","2019",2019,-3.46890808742292,0.0782082675317757
"698",53,"Red Junglefowl","2020",2020,-3.47755807528869,0.0711969096928035
"699",53,"Red Junglefowl","2021",2021,-3.39931723927356,0.0672296518826974
"700",53,"Red Junglefowl","2022",2022,-3.28580153239825,0.0672231013861269
"701",54,"Red Junglefowl","before 2000",1992,-3.35628178433852,0.119659830900257
"702",54,"Red Junglefowl","2000-2006",2003,-3.67311760990983,0.0746466122348262
"703",54,"Red Junglefowl","2007-2010",2009,-3.47777487090722,0.0744258813025944
"704",54,"Red Junglefowl","2011-2012",2012,-3.33009446330068,0.0891858392152195
"705",54,"Red Junglefowl","2013",2013,-3.43099841596031,0.10006793441202
"706",54,"Red Junglefowl","2014",2014,-3.14376229771727,0.0981833813507382
"707",54,"Red Junglefowl","2015",2015,-3.1755694955761,0.0764984469054638
"708",54,"Red Junglefowl","2016",2016,-3.39851036690344,0.0719404398527236
"709",54,"Red Junglefowl","2017",2017,-3.42660800818988,0.074591875874449
"710",54,"Red Junglefowl","2018",2018,-3.5186953739857,0.115823385358032
"711",54,"Red Junglefowl","2019",2019,-3.28250677592573,0.0754423776932934
"712",54,"Red Junglefowl","2020",2020,-3.46964026757833,0.0735553304471599
"713",54,"Red Junglefowl","2021",2021,-3.18122343222902,0.100746739161702
"714",54,"Red Junglefowl","2022",2022,-3.11130840346491,0.104973740138886
"715",55,"Red Junglefowl","before 2000",1992,-3.36232694046596,0.103443330161056
"716",55,"Red Junglefowl","2000-2006",2003,-3.39552748990363,0.0709465542558235
"717",55,"Red Junglefowl","2007-2010",2009,-3.47194300347652,0.0761867775509489
"718",55,"Red Junglefowl","2011-2012",2012,-3.17815355777215,0.0708617605487052
"719",55,"Red Junglefowl","2013",2013,-3.13715207044905,0.0995095845278143
"720",55,"Red Junglefowl","2014",2014,-3.4780591484972,0.075319263038272
"721",55,"Red Junglefowl","2015",2015,-3.43037379389162,0.0724822610863683
"722",55,"Red Junglefowl","2016",2016,-3.19383881308666,0.10593980798534
"723",55,"Red Junglefowl","2017",2017,-3.52585243260207,0.10780517629465
"724",55,"Red Junglefowl","2018",2018,-3.43938698730648,0.0913629322292786
"725",55,"Red Junglefowl","2019",2019,-3.11838548487486,0.0976307644017844
"726",55,"Red Junglefowl","2020",2020,-3.28665144652832,0.068998763593181
"727",55,"Red Junglefowl","2021",2021,-3.33750343140538,0.0833189394177603
"728",55,"Red Junglefowl","2022",2022,-3.67523935013619,0.078330186201412
"729",56,"Red Junglefowl","before 2000",1992,-3.36406954585679,0.102123680813161
"730",56,"Red Junglefowl","2000-2006",2003,-3.19709932535582,0.0989617424640614
"731",56,"Red Junglefowl","2007-2010",2009,-3.28876595011214,0.0744141600952388
"732",56,"Red Junglefowl","2011-2012",2012,-3.42874227499169,0.0801001410225252
"733",56,"Red Junglefowl","2013",2013,-3.47892779255342,0.0729549701306903
"734",56,"Red Junglefowl","2014",2014,-3.47247517923818,0.0801098654324145
"735",56,"Red Junglefowl","2015",2015,-3.5217504697716,0.108481514216582
"736",56,"Red Junglefowl","2016",2016,-3.34235521444479,0.0810038323316223
"737",56,"Red Junglefowl","2017",2017,-3.44204432954702,0.0923856546714791
"738",56,"Red Junglefowl","2018",2018,-3.14415242730553,0.102630153278552
"739",56,"Red Junglefowl","2019",2019,-3.67936061451559,0.0858132955354483
"740",56,"Red Junglefowl","2020",2020,-3.12175158354229,0.0955248534577394
"741",56,"Red Junglefowl","2021",2021,-3.1755920578607,0.0782682670121344
"742",56,"Red Junglefowl","2022",2022,-3.39696731766034,0.0749672435606166
"743",57,"Red Junglefowl","before 2000",1992,-3.36339100165153,0.105165339633947
"744",57,"Red Junglefowl","2000-2006",2003,-3.33867992759682,0.0872661755959525
"745",57,"Red Junglefowl","2007-2010",2009,-3.11913068970618,0.105624428556579
"746",57,"Red Junglefowl","2011-2012",2012,-3.52412128413341,0.114027671365607
"747",57,"Red Junglefowl","2013",2013,-3.47158202898846,0.080282349132445
"748",57,"Red Junglefowl","2014",2014,-3.28815167609918,0.0714142161462434
"749",57,"Red Junglefowl","2015",2015,-3.44289724526992,0.0953132702425598
"750",57,"Red Junglefowl","2016",2016,-3.18488024774104,0.0745929964903009
"751",57,"Red Junglefowl","2017",2017,-3.13395035995668,0.104905613406006
"752",57,"Red Junglefowl","2018",2018,-3.4805910540567,0.0736298441277967
"753",57,"Red Junglefowl","2019",2019,-3.39995995122672,0.077544589601839
"754",57,"Red Junglefowl","2020",2020,-3.6756366226894,0.0837291100340213
"755",57,"Red Junglefowl","2021",2021,-3.43233509733277,0.0772408255247298
"756",57,"Red Junglefowl","2022",2022,-3.19554031108066,0.105595888534655
"757",58,"Red Junglefowl","before 2000",1992,-3.36287132324858,0.112568620873278
"758",58,"Red Junglefowl","2000-2006",2003,-3.18692692629808,0.0744005760548703
"759",58,"Red Junglefowl","2007-2010",2009,-3.67294973998001,0.0816532086392775
"760",58,"Red Junglefowl","2011-2012",2012,-3.45594215271587,0.0926061769791041
"761",58,"Red Junglefowl","2013",2013,-3.29151492029483,0.0723421738850594
"762",58,"Red Junglefowl","2014",2014,-3.12157112568546,0.105729345357748
"763",58,"Red Junglefowl","2015",2015,-3.14476406734247,0.106091677396843
"764",58,"Red Junglefowl","2016",2016,-3.43796830659684,0.071096447975921
"765",58,"Red Junglefowl","2017",2017,-3.48254047800981,0.0767322426068886
"766",58,"Red Junglefowl","2018",2018,-3.47868588754068,0.0771712485909984
"767",58,"Red Junglefowl","2019",2019,-3.2040485886271,0.100400403692327
"768",58,"Red Junglefowl","2020",2020,-3.4065869148278,0.0729929381610491
"769",58,"Red Junglefowl","2021",2021,-3.53861120127595,0.11170273081135
"770",58,"Red Junglefowl","2022",2022,-3.34909455539109,0.082357799219637
"771",59,"Red Junglefowl","before 2000",1992,-3.36759995460294,0.110010447135344
"772",59,"Red Junglefowl","2000-2006",2003,-3.42841628608608,0.0784384563308255
"773",59,"Red Junglefowl","2007-2010",2009,-3.40008827116767,0.0704544610905925
"774",59,"Red Junglefowl","2011-2012",2012,-3.13881714071715,0.106781519782193
"775",59,"Red Junglefowl","2013",2013,-3.12331765449081,0.0988318129135167
"776",59,"Red Junglefowl","2014",2014,-3.66973565978104,0.0786556180007167
"777",59,"Red Junglefowl","2015",2015,-3.47963449773674,0.0710235980224361
"778",59,"Red Junglefowl","2016",2016,-3.51618716192896,0.105058710541135
"779",59,"Red Junglefowl","2017",2017,-3.47260308917488,0.0728797572481245
"780",59,"Red Junglefowl","2018",2018,-3.28761744079651,0.0692022615783786
"781",59,"Red Junglefowl","2019",2019,-3.33638462093368,0.0877893448220154
"782",59,"Red Junglefowl","2020",2020,-3.18528718827006,0.0996942724864017
"783",59,"Red Junglefowl","2021",2021,-3.44521152252588,0.0945540428714826
"784",59,"Red Junglefowl","2022",2022,-3.17938901815548,0.0704818137027441
"785",6,"Red Junglefowl","before 2000",1992,-3.36338075661589,0.112988671174512
"786",6,"Red Junglefowl","2000-2006",2003,-3.18392097740354,0.0733640566136131
"787",6,"Red Junglefowl","2007-2010",2009,-3.67275992916609,0.0865538953262922
"788",6,"Red Junglefowl","2011-2012",2012,-3.44062936179015,0.097657446560766
"789",6,"Red Junglefowl","2013",2013,-3.28731148439301,0.0737251646132153
"790",6,"Red Junglefowl","2014",2014,-3.10863046112423,0.103181617552019
"791",6,"Red Junglefowl","2015",2015,-3.13378575096776,0.0972713902620141
"792",6,"Red Junglefowl","2016",2016,-3.43311023897876,0.0743292811462689
"793",6,"Red Junglefowl","2017",2017,-3.48194927032455,0.0709639085370044
"794",6,"Red Junglefowl","2018",2018,-3.47540758962871,0.0801659117161895
"795",6,"Red Junglefowl","2019",2019,-3.19178510394364,0.0979042712150765
"796",6,"Red Junglefowl","2020",2020,-3.39961046452534,0.0702701920868279
"797",6,"Red Junglefowl","2021",2021,-3.51925160127835,0.112942772336139
"798",6,"Red Junglefowl","2022",2022,-3.34901746006778,0.0840873733299898
"799",60,"Red Junglefowl","before 2000",1992,-3.35061853667638,0.113989505327543
"800",60,"Red Junglefowl","2000-2006",2003,-3.51785804447687,0.10749127254565
"801",60,"Red Junglefowl","2007-2010",2009,-3.1794322631239,0.101393484568472
"802",60,"Red Junglefowl","2011-2012",2012,-3.47064154029452,0.07448721992712
"803",60,"Red Junglefowl","2013",2013,-3.66601538010011,0.0832244622322817
"804",60,"Red Junglefowl","2014",2014,-3.39177472529689,0.0720428728916868
"805",60,"Red Junglefowl","2015",2015,-3.46835021592753,0.0728432528852588
"806",60,"Red Junglefowl","2016",2016,-3.43294016189713,0.0963313490417144
"807",60,"Red Junglefowl","2017",2017,-3.28071363365375,0.0751962284677593
"808",60,"Red Junglefowl","2018",2018,-3.11316948978779,0.103712007988025
"809",60,"Red Junglefowl","2019",2019,-3.17329716728632,0.0758551171994671
"810",60,"Red Junglefowl","2020",2020,-3.33182722919017,0.0844194138105329
"811",60,"Red Junglefowl","2021",2021,-3.13465717570464,0.0959102969934488
"812",60,"Red Junglefowl","2022",2022,-3.41904312105436,0.0804623666474613
"813",61,"Red Junglefowl","before 2000",1992,-3.35486391860971,0.11359778897145
"814",61,"Red Junglefowl","2000-2006",2003,-3.43368435027286,0.0922557467337428
"815",61,"Red Junglefowl","2007-2010",2009,-3.33541201421748,0.0881925183842925
"816",61,"Red Junglefowl","2011-2012",2012,-3.46770634492451,0.0798304136546965
"817",61,"Red Junglefowl","2013",2013,-3.39687235189223,0.0694501893204952
"818",61,"Red Junglefowl","2014",2014,-3.18722159148162,0.0994530221931166
"819",61,"Red Junglefowl","2015",2015,-3.28256679366651,0.0742560982977108
"820",61,"Red Junglefowl","2016",2016,-3.13338130032251,0.0981759345017764
"821",61,"Red Junglefowl","2017",2017,-3.10403490407145,0.105118491911661
"822",61,"Red Junglefowl","2018",2018,-3.66709277764957,0.08376391678012
"823",61,"Red Junglefowl","2019",2019,-3.42211515282844,0.0738454644471387
"824",61,"Red Junglefowl","2020",2020,-3.17598557256079,0.0747509352925276
"825",61,"Red Junglefowl","2021",2021,-3.48033689050606,0.0696211635209057
"826",61,"Red Junglefowl","2022",2022,-3.51718246680243,0.11242189933191
"827",62,"Red Junglefowl","before 2000",1992,-3.34991826902058,0.116251671388314
"828",62,"Red Junglefowl","2000-2006",2003,-3.14000315970292,0.102086098159865
"829",62,"Red Junglefowl","2007-2010",2009,-3.18303737146245,0.0710278806425224
"830",62,"Red Junglefowl","2011-2012",2012,-3.28637276865203,0.0726185734579118
"831",62,"Red Junglefowl","2013",2013,-3.19291203331538,0.0976929010970542
"832",62,"Red Junglefowl","2014",2014,-3.34195086970885,0.085664849405651
"833",62,"Red Junglefowl","2015",2015,-3.10862392242761,0.106267945062165
"834",62,"Red Junglefowl","2016",2016,-3.47440069305071,0.0762353281752448
"835",62,"Red Junglefowl","2017",2017,-3.67026354262318,0.0842268733566226
"836",62,"Red Junglefowl","2018",2018,-3.40022578427132,0.0709573840823284
"837",62,"Red Junglefowl","2019",2019,-3.52101343862408,0.110935310978876
"838",62,"Red Junglefowl","2020",2020,-3.42742026518838,0.0778735034693088
"839",62,"Red Junglefowl","2021",2021,-3.47442580425952,0.0725296730349888
"840",62,"Red Junglefowl","2022",2022,-3.44251999896702,0.0951995772811183
"841",63,"Red Junglefowl","before 2000",1992,-3.36164650287061,0.110471961997218
"842",63,"Red Junglefowl","2000-2006",2003,-3.48012900047129,0.0766273800610855
"843",63,"Red Junglefowl","2007-2010",2009,-3.43588823543458,0.0748656519589843
"844",63,"Red Junglefowl","2011-2012",2012,-3.119902305747,0.102660538976278
"845",63,"Red Junglefowl","2013",2013,-3.34596050980565,0.0857362493520857
"846",63,"Red Junglefowl","2014",2014,-3.18295917472727,0.0773202970592066
"847",63,"Red Junglefowl","2015",2015,-3.67528244835129,0.0830960387138193
"848",63,"Red Junglefowl","2016",2016,-3.47973120751295,0.0752967009897308
"849",63,"Red Junglefowl","2017",2017,-3.40298125077591,0.0762474534685055
"850",63,"Red Junglefowl","2018",2018,-3.18943711987648,0.102921666049861
"851",63,"Red Junglefowl","2019",2019,-3.45029908761831,0.0899450164630621
"852",63,"Red Junglefowl","2020",2020,-3.52945545029522,0.106757874485534
"853",63,"Red Junglefowl","2021",2021,-3.29074861289297,0.0730164229791747
"854",63,"Red Junglefowl","2022",2022,-3.15094894738924,0.0938524769086806
"855",64,"Red Junglefowl","before 2000",1992,-3.35239372545537,0.115875874855912
"856",64,"Red Junglefowl","2000-2006",2003,-3.47516466759677,0.0737790238742739
"857",64,"Red Junglefowl","2007-2010",2009,-3.51554498805287,0.112946679251824
"858",64,"Red Junglefowl","2011-2012",2012,-3.67286436567703,0.0837227966179267
"859",64,"Red Junglefowl","2013",2013,-3.1768132328657,0.0775146316681067
"860",64,"Red Junglefowl","2014",2014,-3.43010148372157,0.0743830154420134
"861",64,"Red Junglefowl","2015",2015,-3.39852853299697,0.0772201662939856
"862",64,"Red Junglefowl","2016",2016,-3.28764962169401,0.0724861141072775
"863",64,"Red Junglefowl","2017",2017,-3.18691990541649,0.110829840202877
"864",64,"Red Junglefowl","2018",2018,-3.34232115115027,0.0834162147923867
"865",64,"Red Junglefowl","2019",2019,-3.1304568244659,0.11258457607887
"866",64,"Red Junglefowl","2020",2020,-3.43286403666126,0.100994238330657
"867",64,"Red Junglefowl","2021",2021,-3.11887398732783,0.102848529310202
"868",64,"Red Junglefowl","2022",2022,-3.47760881572328,0.0779103518342953
"869",65,"Red Junglefowl","before 2000",1992,-3.36399757829484,0.10767287877348
"870",65,"Red Junglefowl","2000-2006",2003,-3.28757014449773,0.073346825790194
"871",65,"Red Junglefowl","2007-2010",2009,-3.44269346731441,0.0942195458244773
"872",65,"Red Junglefowl","2011-2012",2012,-3.39882134238485,0.0792124388310564
"873",65,"Red Junglefowl","2013",2013,-3.43085303415774,0.0765339249017549
"874",65,"Red Junglefowl","2014",2014,-3.52584753872232,0.102685499542906
"875",65,"Red Junglefowl","2015",2015,-3.18883688886657,0.106102938930317
"876",65,"Red Junglefowl","2016",2016,-3.11858716466483,0.107719849275723
"877",65,"Red Junglefowl","2017",2017,-3.3410822793596,0.0845474989466359
"878",65,"Red Junglefowl","2018",2018,-3.17853874475372,0.0736780196673553
"879",65,"Red Junglefowl","2019",2019,-3.48133153753136,0.0757697383804867
"880",65,"Red Junglefowl","2020",2020,-3.140137883126,0.0999702879484674
"881",65,"Red Junglefowl","2021",2021,-3.67346617618975,0.0845031160196481
"882",65,"Red Junglefowl","2022",2022,-3.47298561795868,0.0818457564364103
"883",66,"Red Junglefowl","before 2000",1992,-3.34777695057554,0.118006330529975
"884",66,"Red Junglefowl","2000-2006",2003,-3.11551557008363,0.101183559508366
"885",66,"Red Junglefowl","2007-2010",2009,-3.1426458876468,0.0940661752937094
"886",66,"Red Junglefowl","2011-2012",2012,-3.1837612290545,0.109702352754941
"887",66,"Red Junglefowl","2013",2013,-3.52858712726737,0.108872476946545
"888",66,"Red Junglefowl","2014",2014,-3.44807519592907,0.0965088459519733
"889",66,"Red Junglefowl","2015",2015,-3.33786321291281,0.0851859067266196
"890",66,"Red Junglefowl","2016",2016,-3.67335277154275,0.0784221467505954
"891",66,"Red Junglefowl","2017",2017,-3.1814687003129,0.0692383270932122
"892",66,"Red Junglefowl","2018",2018,-3.42764557117468,0.0778225741117389
"893",66,"Red Junglefowl","2019",2019,-3.4728958753979,0.0728639298494087
"894",66,"Red Junglefowl","2020",2020,-3.47691814498841,0.0738678711590911
"895",66,"Red Junglefowl","2021",2021,-3.40106228268632,0.0709100753082575
"896",66,"Red Junglefowl","2022",2022,-3.28779894631131,0.0715476755828025
"897",67,"Red Junglefowl","before 2000",1992,-3.35400804055687,0.109103323776481
"898",67,"Red Junglefowl","2000-2006",2003,-3.6647789811948,0.0859888765643056
"899",67,"Red Junglefowl","2007-2010",2009,-3.47424727369415,0.0805763342489092
"900",67,"Red Junglefowl","2011-2012",2012,-3.3321105708014,0.0898555107914201
"901",67,"Red Junglefowl","2013",2013,-3.44478367874617,0.100091629590386
"902",67,"Red Junglefowl","2014",2014,-3.12862587483711,0.111737259452579
"903",67,"Red Junglefowl","2015",2015,-3.17259482883501,0.0754774753338708
"904",67,"Red Junglefowl","2016",2016,-3.39317219875029,0.0762911517993722
"905",67,"Red Junglefowl","2017",2017,-3.42982680957401,0.0794239344457437
"906",67,"Red Junglefowl","2018",2018,-3.51198304817109,0.105394946150497
"907",67,"Red Junglefowl","2019",2019,-3.28138929646501,0.0716764587761713
"908",67,"Red Junglefowl","2020",2020,-3.47065351442108,0.0774421812381372
"909",67,"Red Junglefowl","2021",2021,-3.18245072195996,0.107810583457105
"910",67,"Red Junglefowl","2022",2022,-3.10992017354375,0.109159261333461
"911",68,"Red Junglefowl","before 2000",1992,-3.36750194464581,0.105932185762074
"912",68,"Red Junglefowl","2000-2006",2003,-3.39642755387833,0.075267754797281
"913",68,"Red Junglefowl","2007-2010",2009,-3.4704928548929,0.0754460463665602
"914",68,"Red Junglefowl","2011-2012",2012,-3.17562486620397,0.0727714378973722
"915",68,"Red Junglefowl","2013",2013,-3.13034987136745,0.0988210155224766
"916",68,"Red Junglefowl","2014",2014,-3.47586488852458,0.0739985832162838
"917",68,"Red Junglefowl","2015",2015,-3.42757321647686,0.0756610736757664
"918",68,"Red Junglefowl","2016",2016,-3.190327488632,0.0984558156202632
"919",68,"Red Junglefowl","2017",2017,-3.51444813462106,0.112752528166113
"920",68,"Red Junglefowl","2018",2018,-3.43657627840236,0.0946323434245596
"921",68,"Red Junglefowl","2019",2019,-3.11902731926784,0.0998017435840309
"922",68,"Red Junglefowl","2020",2020,-3.28488643653017,0.0734811818072402
"923",68,"Red Junglefowl","2021",2021,-3.33784168578559,0.0863574651178544
"924",68,"Red Junglefowl","2022",2022,-3.67354497951506,0.0785277743383346
"925",69,"Red Junglefowl","before 2000",1992,-3.36026556854012,0.101934040874839
"926",69,"Red Junglefowl","2000-2006",2003,-3.1926189455553,0.0935412023793969
"927",69,"Red Junglefowl","2007-2010",2009,-3.29087507099125,0.0681956959198026
"928",69,"Red Junglefowl","2011-2012",2012,-3.43258805955829,0.0728657446180002
"929",69,"Red Junglefowl","2013",2013,-3.48236278888768,0.0743096394185733
"930",69,"Red Junglefowl","2014",2014,-3.47352834797004,0.0771133203457508
"931",69,"Red Junglefowl","2015",2015,-3.51750851714577,0.110393675440826
"932",69,"Red Junglefowl","2016",2016,-3.34816516733602,0.0818220007433583
"933",69,"Red Junglefowl","2017",2017,-3.44122193700595,0.100014573037706
"934",69,"Red Junglefowl","2018",2018,-3.14178463467492,0.102765913180492
"935",69,"Red Junglefowl","2019",2019,-3.67721929162409,0.0834493335014965
"936",69,"Red Junglefowl","2020",2020,-3.11794613642527,0.102283732373829
"937",69,"Red Junglefowl","2021",2021,-3.18699132420196,0.0728351505374071
"938",69,"Red Junglefowl","2022",2022,-3.40278362382763,0.0703087228394343
"939",7,"Red Junglefowl","before 2000",1992,-3.36264208939667,0.104255117921107
"940",7,"Red Junglefowl","2000-2006",2003,-3.42336028155873,0.0732212334971082
"941",7,"Red Junglefowl","2007-2010",2009,-3.39363443291109,0.0674551701304894
"942",7,"Red Junglefowl","2011-2012",2012,-3.1354504161193,0.0983908819882956
"943",7,"Red Junglefowl","2013",2013,-3.10797702856502,0.100198366986241
"944",7,"Red Junglefowl","2014",2014,-3.67048865481349,0.0797719670722483
"945",7,"Red Junglefowl","2015",2015,-3.47499412681698,0.0681064629661258
"946",7,"Red Junglefowl","2016",2016,-3.52020729715868,0.108393162576014
"947",7,"Red Junglefowl","2017",2017,-3.47435715269584,0.070635027920557
"948",7,"Red Junglefowl","2018",2018,-3.28719840725418,0.067738310239517
"949",7,"Red Junglefowl","2019",2019,-3.33897282902108,0.0784770705535344
"950",7,"Red Junglefowl","2020",2020,-3.17691945346496,0.104139500806761
"951",7,"Red Junglefowl","2021",2021,-3.44340517309769,0.0919537735584931
"952",7,"Red Junglefowl","2022",2022,-3.176137015992,0.0717092115594113
"953",70,"Red Junglefowl","before 2000",1992,-3.36470859811358,0.103908493383895
"954",70,"Red Junglefowl","2000-2006",2003,-3.34261256803597,0.0807495234840011
"955",70,"Red Junglefowl","2007-2010",2009,-3.11531371833347,0.101530251811853
"956",70,"Red Junglefowl","2011-2012",2012,-3.5356063013012,0.100327983877105
"957",70,"Red Junglefowl","2013",2013,-3.47140341732515,0.0786342343688629
"958",70,"Red Junglefowl","2014",2014,-3.29143717270291,0.0671369934392699
"959",70,"Red Junglefowl","2015",2015,-3.44341132295944,0.101400338032399
"960",70,"Red Junglefowl","2016",2016,-3.18263681644034,0.0757273423437704
"961",70,"Red Junglefowl","2017",2017,-3.14440622927441,0.107246388384775
"962",70,"Red Junglefowl","2018",2018,-3.48206314275795,0.0707940489027576
"963",70,"Red Junglefowl","2019",2019,-3.40445739705293,0.0684785839224132
"964",70,"Red Junglefowl","2020",2020,-3.68041748385882,0.0766859608330765
"965",70,"Red Junglefowl","2021",2021,-3.43464663796132,0.0757213011703348
"966",70,"Red Junglefowl","2022",2022,-3.18242787368332,0.102641389868053
"967",71,"Red Junglefowl","before 2000",1992,-3.36637786687201,0.10306717289669
"968",71,"Red Junglefowl","2000-2006",2003,-3.1850102586491,0.0694894242680233
"969",71,"Red Junglefowl","2007-2010",2009,-3.67858279546488,0.0800208708943498
"970",71,"Red Junglefowl","2011-2012",2012,-3.44767892751847,0.0924134290050107
"971",71,"Red Junglefowl","2013",2013,-3.29326023396142,0.0696714930437832
"972",71,"Red Junglefowl","2014",2014,-3.12937013268032,0.101958927114263
"973",71,"Red Junglefowl","2015",2015,-3.14502578560137,0.102856086519174
"974",71,"Red Junglefowl","2016",2016,-3.43416246918554,0.0759846524416254
"975",71,"Red Junglefowl","2017",2017,-3.48411251196219,0.0721603578590874
"976",71,"Red Junglefowl","2018",2018,-3.48001610341171,0.0756351429102309
"977",71,"Red Junglefowl","2019",2019,-3.20062082692458,0.0986315261919559
"978",71,"Red Junglefowl","2020",2020,-3.40372801826668,0.068463557075207
"979",71,"Red Junglefowl","2021",2021,-3.53638147602807,0.102724024686213
"980",71,"Red Junglefowl","2022",2022,-3.34272243163501,0.0850660104256306
"981",72,"Red Junglefowl","before 2000",1992,-3.35290670824282,0.11685159730125
"982",72,"Red Junglefowl","2000-2006",2003,-3.42678577988227,0.0766103882406804
"983",72,"Red Junglefowl","2007-2010",2009,-3.39643786339889,0.0728728184601642
"984",72,"Red Junglefowl","2011-2012",2012,-3.14031744772795,0.104383400858754
"985",72,"Red Junglefowl","2013",2013,-3.11936209966962,0.105126813557545
"986",72,"Red Junglefowl","2014",2014,-3.67365399981874,0.0801966133435721
"987",72,"Red Junglefowl","2015",2015,-3.4738269544152,0.0776900859958937
"988",72,"Red Junglefowl","2016",2016,-3.52396408870174,0.113678425520645
"989",72,"Red Junglefowl","2017",2017,-3.47057347822256,0.0727789938031658
"990",72,"Red Junglefowl","2018",2018,-3.28623105881828,0.0717949886911599
"991",72,"Red Junglefowl","2019",2019,-3.33793391825778,0.0849856381934458
"992",72,"Red Junglefowl","2020",2020,-3.18299120478506,0.107765002459773
"993",72,"Red Junglefowl","2021",2021,-3.44062034577351,0.0885755628811931
"994",72,"Red Junglefowl","2022",2022,-3.17772313256708,0.0736377525048194
"995",73,"Red Junglefowl","before 2000",1992,-3.35870976764724,0.105307322894834
"996",73,"Red Junglefowl","2000-2006",2003,-3.52300805257942,0.119546207276149
"997",73,"Red Junglefowl","2007-2010",2009,-3.18627922833341,0.102425109622405
"998",73,"Red Junglefowl","2011-2012",2012,-3.47865852333468,0.0741813733348774
"999",73,"Red Junglefowl","2013",2013,-3.66724398783316,0.0822082466044046
"1000",73,"Red Junglefowl","2014",2014,-3.39378002470568,0.0772160564318339
"1001",73,"Red Junglefowl","2015",2015,-3.47215921838267,0.0760862231812357
"1002",73,"Red Junglefowl","2016",2016,-3.44091512469482,0.0921939312126336
"1003",73,"Red Junglefowl","2017",2017,-3.28476329721166,0.0696638630136096
"1004",73,"Red Junglefowl","2018",2018,-3.11572418946732,0.108658884306907
"1005",73,"Red Junglefowl","2019",2019,-3.17307822002695,0.0771830051841473
"1006",73,"Red Junglefowl","2020",2020,-3.33900598614185,0.0852542194069805
"1007",73,"Red Junglefowl","2021",2021,-3.12803984565641,0.108415059841427
"1008",73,"Red Junglefowl","2022",2022,-3.42606160323371,0.0786672553650002
"1009",74,"Red Junglefowl","before 2000",1992,-3.36095526155233,0.106276311460281
"1010",74,"Red Junglefowl","2000-2006",2003,-3.44481142769363,0.0968144134236546
"1011",74,"Red Junglefowl","2007-2010",2009,-3.3510218015946,0.0843800246302246
"1012",74,"Red Junglefowl","2011-2012",2012,-3.47867414741406,0.0730239757509563
"1013",74,"Red Junglefowl","2013",2013,-3.40260818706834,0.0733932602831071
"1014",74,"Red Junglefowl","2014",2014,-3.18296918081266,0.108967278710904
"1015",74,"Red Junglefowl","2015",2015,-3.29499712659078,0.0710738713555297
"1016",74,"Red Junglefowl","2016",2016,-3.14159844757123,0.104353894860844
"1017",74,"Red Junglefowl","2017",2017,-3.12792332886218,0.0937962548236879
"1018",74,"Red Junglefowl","2018",2018,-3.6783050780932,0.0847015991298898
"1019",74,"Red Junglefowl","2019",2019,-3.43231323342854,0.0764222094399608
"1020",74,"Red Junglefowl","2020",2020,-3.18368127717247,0.0783595537654551
"1021",74,"Red Junglefowl","2021",2021,-3.48463684248536,0.0724965298883511
"1022",74,"Red Junglefowl","2022",2022,-3.53530790337839,0.108713152976184
"1023",75,"Red Junglefowl","before 2000",1992,-3.35821659331272,0.116769023491168
"1024",75,"Red Junglefowl","2000-2006",2003,-3.139333593857,0.108125766903152
"1025",75,"Red Junglefowl","2007-2010",2009,-3.18440373753445,0.0728167802972416
"1026",75,"Red Junglefowl","2011-2012",2012,-3.29162615725774,0.0734493533600576
"1027",75,"Red Junglefowl","2013",2013,-3.18639811557381,0.11054525787103
"1028",75,"Red Junglefowl","2014",2014,-3.34000741754856,0.0872553061698241
"1029",75,"Red Junglefowl","2015",2015,-3.11364389723281,0.106703450025674
"1030",75,"Red Junglefowl","2016",2016,-3.47963437729302,0.0737442595840956
"1031",75,"Red Junglefowl","2017",2017,-3.67234927490547,0.0860426753332362
"1032",75,"Red Junglefowl","2018",2018,-3.40023306731579,0.072866525668656
"1033",75,"Red Junglefowl","2019",2019,-3.53528224886692,0.109988286192895
"1034",75,"Red Junglefowl","2020",2020,-3.43038867453496,0.0731028505880208
"1035",75,"Red Junglefowl","2021",2021,-3.47605400098345,0.0787677183317764
"1036",75,"Red Junglefowl","2022",2022,-3.44703906445771,0.0909590716374945
"1037",76,"Red Junglefowl","before 2000",1992,-3.34884423416616,0.111566177976928
"1038",76,"Red Junglefowl","2000-2006",2003,-3.47326912995393,0.0714193869888179
"1039",76,"Red Junglefowl","2007-2010",2009,-3.42520809499404,0.0732095180501425
"1040",76,"Red Junglefowl","2011-2012",2012,-3.10932850550699,0.101662559349073
"1041",76,"Red Junglefowl","2013",2013,-3.33137363223196,0.0852411050391034
"1042",76,"Red Junglefowl","2014",2014,-3.17260410193323,0.0718397200169436
"1043",76,"Red Junglefowl","2015",2015,-3.6641732494034,0.0847641804048209
"1044",76,"Red Junglefowl","2016",2016,-3.46568080294508,0.0734368657823704
"1045",76,"Red Junglefowl","2017",2017,-3.39502961118052,0.0705800398243419
"1046",76,"Red Junglefowl","2018",2018,-3.18347357185693,0.0969058474954609
"1047",76,"Red Junglefowl","2019",2019,-3.43411207201419,0.0973984499474784
"1048",76,"Red Junglefowl","2020",2020,-3.52603165280532,0.108264737442575
"1049",76,"Red Junglefowl","2021",2021,-3.27952936320373,0.0697636329630451
"1050",76,"Red Junglefowl","2022",2022,-3.12575621315357,0.100823962260742
"1051",77,"Red Junglefowl","before 2000",1992,-3.35409742984857,0.106716674048205
"1052",77,"Red Junglefowl","2000-2006",2003,-3.46863104806979,0.0735528791514399
"1053",77,"Red Junglefowl","2007-2010",2009,-3.51799852587358,0.114865726706461
"1054",77,"Red Junglefowl","2011-2012",2012,-3.67613716072812,0.0783962996715154
"1055",77,"Red Junglefowl","2013",2013,-3.17785191938911,0.0718457851944023
"1056",77,"Red Junglefowl","2014",2014,-3.42953084560483,0.0735759224725046
"1057",77,"Red Junglefowl","2015",2015,-3.39542457238094,0.0679198978514235
"1058",77,"Red Junglefowl","2016",2016,-3.28885427278903,0.0705239384722726
"1059",77,"Red Junglefowl","2017",2017,-3.17890576851576,0.103443009827447
"1060",77,"Red Junglefowl","2018",2018,-3.33922933836979,0.0791443837854473
"1061",77,"Red Junglefowl","2019",2019,-3.13469592321916,0.103537376293825
"1062",77,"Red Junglefowl","2020",2020,-3.43894678733104,0.0910443950821455
"1063",77,"Red Junglefowl","2021",2021,-3.11782375627409,0.101076243511283
"1064",77,"Red Junglefowl","2022",2022,-3.47444644984118,0.0739275721481631
"1065",78,"Red Junglefowl","before 2000",1992,-3.36453747114425,0.112753723957281
"1066",78,"Red Junglefowl","2000-2006",2003,-3.29274416215006,0.0708861441728273
"1067",78,"Red Junglefowl","2007-2010",2009,-3.45326315366547,0.0854157500378449
"1068",78,"Red Junglefowl","2011-2012",2012,-3.40249544068805,0.0713696981916667
"1069",78,"Red Junglefowl","2013",2013,-3.43626153264665,0.0756145624526967
"1070",78,"Red Junglefowl","2014",2014,-3.52838333420901,0.110471569954579
"1071",78,"Red Junglefowl","2015",2015,-3.19889272662518,0.103743880222512
"1072",78,"Red Junglefowl","2016",2016,-3.11285303661795,0.107660910253824
"1073",78,"Red Junglefowl","2017",2017,-3.34933638114458,0.0811688397939176
"1074",78,"Red Junglefowl","2018",2018,-3.1824513178858,0.0752935986944365
"1075",78,"Red Junglefowl","2019",2019,-3.48533510754656,0.0725281854235451
"1076",78,"Red Junglefowl","2020",2020,-3.14685004741647,0.0938214462459697
"1077",78,"Red Junglefowl","2021",2021,-3.67895371377694,0.0805799306654662
"1078",78,"Red Junglefowl","2022",2022,-3.47801621758905,0.0769011028078443
"1079",79,"Red Junglefowl","before 2000",1992,-3.35072266141724,0.109677482173196
"1080",79,"Red Junglefowl","2000-2006",2003,-3.11560578376014,0.10454310487984
"1081",79,"Red Junglefowl","2007-2010",2009,-3.13672732612427,0.101884017960887
"1082",79,"Red Junglefowl","2011-2012",2012,-3.18877571945567,0.098179808751923
"1083",79,"Red Junglefowl","2013",2013,-3.52460732749052,0.110756408953966
"1084",79,"Red Junglefowl","2014",2014,-3.43681963585082,0.0914212432673228
"1085",79,"Red Junglefowl","2015",2015,-3.3369398301953,0.0888759185908539
"1086",79,"Red Junglefowl","2016",2016,-3.66572875487099,0.0793234088407582
"1087",79,"Red Junglefowl","2017",2017,-3.17416634175168,0.0805002902317221
"1088",79,"Red Junglefowl","2018",2018,-3.42456849995163,0.0802447593897339
"1089",79,"Red Junglefowl","2019",2019,-3.46459860695653,0.0833806724166637
"1090",79,"Red Junglefowl","2020",2020,-3.47143916341672,0.0797224086230767
"1091",79,"Red Junglefowl","2021",2021,-3.39324882706541,0.0749407053245663
"1092",79,"Red Junglefowl","2022",2022,-3.2792348128229,0.0803710115771488
"1093",8,"Red Junglefowl","before 2000",1992,-3.3641806929829,0.103639898616618
"1094",8,"Red Junglefowl","2000-2006",2003,-3.5168954915815,0.109901079914195
"1095",8,"Red Junglefowl","2007-2010",2009,-3.18698773687237,0.0951879664538259
"1096",8,"Red Junglefowl","2011-2012",2012,-3.47389422988805,0.0749814404201232
"1097",8,"Red Junglefowl","2013",2013,-3.67000041159647,0.0797567834304519
"1098",8,"Red Junglefowl","2014",2014,-3.39933868943099,0.0727040853566099
"1099",8,"Red Junglefowl","2015",2015,-3.47808920772129,0.0743883216593653
"1100",8,"Red Junglefowl","2016",2016,-3.44013900541326,0.0987372078478994
"1101",8,"Red Junglefowl","2017",2017,-3.28462003841569,0.0718427245361478
"1102",8,"Red Junglefowl","2018",2018,-3.12342631984784,0.0994540104912264
"1103",8,"Red Junglefowl","2019",2019,-3.17801998292873,0.0733936311374184
"1104",8,"Red Junglefowl","2020",2020,-3.34384680747208,0.0888913086796306
"1105",8,"Red Junglefowl","2021",2021,-3.14175277212065,0.100121479754096
"1106",8,"Red Junglefowl","2022",2022,-3.43078232568728,0.070835990259465
"1107",80,"Red Junglefowl","before 2000",1992,-3.3598522788295,0.117303759161524
"1108",80,"Red Junglefowl","2000-2006",2003,-3.67386678476169,0.0793982900078173
"1109",80,"Red Junglefowl","2007-2010",2009,-3.47884313834457,0.0731920664980887
"1110",80,"Red Junglefowl","2011-2012",2012,-3.33829387995325,0.0827935705926307
"1111",80,"Red Junglefowl","2013",2013,-3.43971134283701,0.0954154894545816
"1112",80,"Red Junglefowl","2014",2014,-3.1382941893351,0.0998457108317903
"1113",80,"Red Junglefowl","2015",2015,-3.1820657042372,0.0684604034316904
"1114",80,"Red Junglefowl","2016",2016,-3.40119747962487,0.066757166063962
"1115",80,"Red Junglefowl","2017",2017,-3.4352034595586,0.0698708340462018
"1116",80,"Red Junglefowl","2018",2018,-3.52666009387342,0.112999265841416
"1117",80,"Red Junglefowl","2019",2019,-3.28803261164133,0.0701481375354456
"1118",80,"Red Junglefowl","2020",2020,-3.47404076532335,0.0731707632687243
"1119",80,"Red Junglefowl","2021",2021,-3.19022269528452,0.0983360344340578
"1120",80,"Red Junglefowl","2022",2022,-3.11414957652105,0.104296042111553
"1121",81,"Red Junglefowl","before 2000",1992,-3.35818073729983,0.118752704053494
"1122",81,"Red Junglefowl","2000-2006",2003,-3.39886113870448,0.0729891528703058
"1123",81,"Red Junglefowl","2007-2010",2009,-3.47649520690332,0.0739230049198514
"1124",81,"Red Junglefowl","2011-2012",2012,-3.18493550746881,0.0736570919409404
"1125",81,"Red Junglefowl","2013",2013,-3.13723520412263,0.107690475678123
"1126",81,"Red Junglefowl","2014",2014,-3.47876664629584,0.0730922641174234
"1127",81,"Red Junglefowl","2015",2015,-3.43186815032609,0.0754096798077644
"1128",81,"Red Junglefowl","2016",2016,-3.1972519465866,0.108553340684863
"1129",81,"Red Junglefowl","2017",2017,-3.52394908978844,0.109576460130966
"1130",81,"Red Junglefowl","2018",2018,-3.44463544388328,0.0954050925786754
"1131",81,"Red Junglefowl","2019",2019,-3.11757854372667,0.107572127490528
"1132",81,"Red Junglefowl","2020",2020,-3.29454136570131,0.0684263253188944
"1133",81,"Red Junglefowl","2021",2021,-3.34392127797035,0.0839628485047063
"1134",81,"Red Junglefowl","2022",2022,-3.67177696538662,0.0837566474586132
"1135",82,"Red Junglefowl","before 2000",1992,-3.36601240045876,0.10739689508238
"1136",82,"Red Junglefowl","2000-2006",2003,-3.19356225759397,0.102021907600676
"1137",82,"Red Junglefowl","2007-2010",2009,-3.28395699562347,0.074832128770937
"1138",82,"Red Junglefowl","2011-2012",2012,-3.4245681384633,0.0804297834186498
"1139",82,"Red Junglefowl","2013",2013,-3.47669991165206,0.0722257692879333
"1140",82,"Red Junglefowl","2014",2014,-3.46863205499569,0.0811389617500665
"1141",82,"Red Junglefowl","2015",2015,-3.52135309925731,0.112970513086979
"1142",82,"Red Junglefowl","2016",2016,-3.33698127420568,0.0896067904233722
"1143",82,"Red Junglefowl","2017",2017,-3.44200510940718,0.0934833057382676
"1144",82,"Red Junglefowl","2018",2018,-3.1352844225091,0.108359315318211
"1145",82,"Red Junglefowl","2019",2019,-3.67366782040845,0.0797376990241819
"1146",82,"Red Junglefowl","2020",2020,-3.12418093396718,0.104396262889532
"1147",82,"Red Junglefowl","2021",2021,-3.17573924895095,0.0784505860099608
"1148",82,"Red Junglefowl","2022",2022,-3.39643242960541,0.0727450468089447
"1149",83,"Red Junglefowl","before 2000",1992,-3.36459054145656,0.11065709576645
"1150",83,"Red Junglefowl","2000-2006",2003,-3.33408296130107,0.0888411256874124
"1151",83,"Red Junglefowl","2007-2010",2009,-3.11581202256723,0.106567125876295
"1152",83,"Red Junglefowl","2011-2012",2012,-3.51471845176004,0.106988762232847
"1153",83,"Red Junglefowl","2013",2013,-3.47300436160003,0.070286093955925
"1154",83,"Red Junglefowl","2014",2014,-3.28219224249635,0.0716381680594605
"1155",83,"Red Junglefowl","2015",2015,-3.44232572671613,0.0969265605062091
"1156",83,"Red Junglefowl","2016",2016,-3.17402279840976,0.0767834868774052
"1157",83,"Red Junglefowl","2017",2017,-3.13735806466247,0.101477232629011
"1158",83,"Red Junglefowl","2018",2018,-3.47573678283996,0.0789160181615656
"1159",83,"Red Junglefowl","2019",2019,-3.39833754152269,0.0718165514151116
"1160",83,"Red Junglefowl","2020",2020,-3.67413163185714,0.0874071281841613
"1161",83,"Red Junglefowl","2021",2021,-3.42535421464725,0.0798001879165153
"1162",83,"Red Junglefowl","2022",2022,-3.19134087016227,0.0982810327236489
"1163",84,"Red Junglefowl","before 2000",1992,-3.36073934477739,0.102940264767203
"1164",84,"Red Junglefowl","2000-2006",2003,-3.18307668139649,0.072701675129124
"1165",84,"Red Junglefowl","2007-2010",2009,-3.67986894277522,0.0773779758643531
"1166",84,"Red Junglefowl","2011-2012",2012,-3.44578697611923,0.0953275215226214
"1167",84,"Red Junglefowl","2013",2013,-3.29471007421968,0.069513291234617
"1168",84,"Red Junglefowl","2014",2014,-3.11731176489254,0.108615369457351
"1169",84,"Red Junglefowl","2015",2015,-3.12742054923515,0.11543134706449
"1170",84,"Red Junglefowl","2016",2016,-3.43336944902067,0.0780934106308814
"1171",84,"Red Junglefowl","2017",2017,-3.48389627850271,0.0706576696051094
"1172",84,"Red Junglefowl","2018",2018,-3.47751126750426,0.0708599235356372
"1173",84,"Red Junglefowl","2019",2019,-3.19726349525502,0.0920897063763663
"1174",84,"Red Junglefowl","2020",2020,-3.40338686550823,0.0706136413713804
"1175",84,"Red Junglefowl","2021",2021,-3.52916058386976,0.112533072768731
"1176",84,"Red Junglefowl","2022",2022,-3.34757533637942,0.0792760274852223
"1177",85,"Red Junglefowl","before 2000",1992,-3.35908566624885,0.106820974947081
"1178",85,"Red Junglefowl","2000-2006",2003,-3.43353219518685,0.0772146871455234
"1179",85,"Red Junglefowl","2007-2010",2009,-3.39952687276588,0.0755338511580568
"1180",85,"Red Junglefowl","2011-2012",2012,-3.13466763130252,0.109638232880102
"1181",85,"Red Junglefowl","2013",2013,-3.11709635199206,0.107357056868449
"1182",85,"Red Junglefowl","2014",2014,-3.67768806755717,0.0873772634800414
"1183",85,"Red Junglefowl","2015",2015,-3.48285273442462,0.074735807072552
"1184",85,"Red Junglefowl","2016",2016,-3.52616441062692,0.111015565755458
"1185",85,"Red Junglefowl","2017",2017,-3.48166815662404,0.0719874480242436
"1186",85,"Red Junglefowl","2018",2018,-3.29050997020418,0.0713742729392113
"1187",85,"Red Junglefowl","2019",2019,-3.34224151610385,0.090748436957576
"1188",85,"Red Junglefowl","2020",2020,-3.19019245346145,0.106605309815618
"1189",85,"Red Junglefowl","2021",2021,-3.44440712099622,0.0907259539963028
"1190",85,"Red Junglefowl","2022",2022,-3.18197632038052,0.0770220240923518
"1191",86,"Red Junglefowl","before 2000",1992,-3.36113761675342,0.106829621913649
"1192",86,"Red Junglefowl","2000-2006",2003,-3.51939279138882,0.109228704831351
"1193",86,"Red Junglefowl","2007-2010",2009,-3.18211338061697,0.104140943315152
"1194",86,"Red Junglefowl","2011-2012",2012,-3.47204419997234,0.0780600333447171
"1195",86,"Red Junglefowl","2013",2013,-3.66672338198284,0.0841961078006829
"1196",86,"Red Junglefowl","2014",2014,-3.3988012828257,0.0715792253778055
"1197",86,"Red Junglefowl","2015",2015,-3.47043237822408,0.073954116797425
"1198",86,"Red Junglefowl","2016",2016,-3.43588153149602,0.0985667880357071
"1199",86,"Red Junglefowl","2017",2017,-3.28384815669991,0.072508359931803
"1200",86,"Red Junglefowl","2018",2018,-3.11305474345299,0.0999787129999102
"1201",86,"Red Junglefowl","2019",2019,-3.17515224388749,0.0779152526774994
"1202",86,"Red Junglefowl","2020",2020,-3.33477978922881,0.0851297311089138
"1203",86,"Red Junglefowl","2021",2021,-3.13382682876042,0.106223240536194
"1204",86,"Red Junglefowl","2022",2022,-3.42450523241757,0.0784587121036668
"1205",87,"Red Junglefowl","before 2000",1992,-3.35353656618919,0.116690031257393
"1206",87,"Red Junglefowl","2000-2006",2003,-3.4417386191655,0.0981764659239058
"1207",87,"Red Junglefowl","2007-2010",2009,-3.33955402227965,0.0913447671024119
"1208",87,"Red Junglefowl","2011-2012",2012,-3.47507549209666,0.0723886019582705
"1209",87,"Red Junglefowl","2013",2013,-3.39945976155597,0.0715928188601572
"1210",87,"Red Junglefowl","2014",2014,-3.19018363363662,0.0935874916312123
"1211",87,"Red Junglefowl","2015",2015,-3.28917033545614,0.0684892875458617
"1212",87,"Red Junglefowl","2016",2016,-3.13157228434541,0.107349640923104
"1213",87,"Red Junglefowl","2017",2017,-3.11553597245243,0.110271421835223
"1214",87,"Red Junglefowl","2018",2018,-3.67031866324809,0.083529745853025
"1215",87,"Red Junglefowl","2019",2019,-3.42893403131989,0.0793233212969348
"1216",87,"Red Junglefowl","2020",2020,-3.17804264519265,0.0743067524118117
"1217",87,"Red Junglefowl","2021",2021,-3.47863375731257,0.0754781244886248
"1218",87,"Red Junglefowl","2022",2022,-3.52800698673451,0.105888261943438
"1219",88,"Red Junglefowl","before 2000",1992,-3.35482002807666,0.119595850534526
"1220",88,"Red Junglefowl","2000-2006",2003,-3.13695604388257,0.0981520054683236
"1221",88,"Red Junglefowl","2007-2010",2009,-3.17816675482736,0.0739028858685737
"1222",88,"Red Junglefowl","2011-2012",2012,-3.2882382601667,0.0704608060512175
"1223",88,"Red Junglefowl","2013",2013,-3.18883802039657,0.106528068343127
"1224",88,"Red Junglefowl","2014",2014,-3.34397385259335,0.0840198744389423
"1225",88,"Red Junglefowl","2015",2015,-3.1158906355028,0.111284433022966
"1226",88,"Red Junglefowl","2016",2016,-3.47800773306022,0.0762517251052314
"1227",88,"Red Junglefowl","2017",2017,-3.67280803696735,0.0720025165671061
"1228",88,"Red Junglefowl","2018",2018,-3.39804501768001,0.0727538642067197
"1229",88,"Red Junglefowl","2019",2019,-3.51241701902861,0.110251834577852
"1230",88,"Red Junglefowl","2020",2020,-3.42985713174463,0.0747907007552946
"1231",88,"Red Junglefowl","2021",2021,-3.47376684790945,0.0711044772487441
"1232",88,"Red Junglefowl","2022",2022,-3.43356582348017,0.0901046060331641
"1233",89,"Red Junglefowl","before 2000",1992,-3.35395822480091,0.111921951308858
"1234",89,"Red Junglefowl","2000-2006",2003,-3.47897110691932,0.0753179643039351
"1235",89,"Red Junglefowl","2007-2010",2009,-3.4317476658109,0.0739352660298543
"1236",89,"Red Junglefowl","2011-2012",2012,-3.11402817334654,0.104004421469918
"1237",89,"Red Junglefowl","2013",2013,-3.34141452941832,0.0804951921301799
"1238",89,"Red Junglefowl","2014",2014,-3.18100821224558,0.0728349324977522
"1239",89,"Red Junglefowl","2015",2015,-3.67950574310272,0.0810548960122932
"1240",89,"Red Junglefowl","2016",2016,-3.47474441116358,0.0749816938138939
"1241",89,"Red Junglefowl","2017",2017,-3.39653869838068,0.0741243586225927
"1242",89,"Red Junglefowl","2018",2018,-3.19432898724417,0.101577543929241
"1243",89,"Red Junglefowl","2019",2019,-3.4418396192684,0.0970056537670653
"1244",89,"Red Junglefowl","2020",2020,-3.5319146434004,0.112236568838993
"1245",89,"Red Junglefowl","2021",2021,-3.28876937498684,0.07111177991391
"1246",89,"Red Junglefowl","2022",2022,-3.13893346633083,0.106128287696233
"1247",9,"Red Junglefowl","before 2000",1992,-3.35840487256113,0.108728353076256
"1248",9,"Red Junglefowl","2000-2006",2003,-3.44432414074801,0.0888805361116358
"1249",9,"Red Junglefowl","2007-2010",2009,-3.34815021354755,0.0813398038980118
"1250",9,"Red Junglefowl","2011-2012",2012,-3.47743302348825,0.072185511540695
"1251",9,"Red Junglefowl","2013",2013,-3.40310187613585,0.0675704124366243
"1252",9,"Red Junglefowl","2014",2014,-3.19434404537512,0.10209848478823
"1253",9,"Red Junglefowl","2015",2015,-3.29170766381869,0.0701924175328302
"1254",9,"Red Junglefowl","2016",2016,-3.14193049764455,0.106664680210024
"1255",9,"Red Junglefowl","2017",2017,-3.11618440571098,0.106207723976965
"1256",9,"Red Junglefowl","2018",2018,-3.67606325708433,0.0754220427787214
"1257",9,"Red Junglefowl","2019",2019,-3.43171460473063,0.0693914747073575
"1258",9,"Red Junglefowl","2020",2020,-3.18301207097364,0.0710891629574022
"1259",9,"Red Junglefowl","2021",2021,-3.48555672399613,0.0649013823978395
"1260",9,"Red Junglefowl","2022",2022,-3.52413377076139,0.10805213585131
"1261",90,"Red Junglefowl","before 2000",1992,-3.3562018111797,0.117139491875805
"1262",90,"Red Junglefowl","2000-2006",2003,-3.47974168717347,0.0725878814152191
"1263",90,"Red Junglefowl","2007-2010",2009,-3.53277266602916,0.103551193719224
"1264",90,"Red Junglefowl","2011-2012",2012,-3.67533098502165,0.0803811096726041
"1265",90,"Red Junglefowl","2013",2013,-3.1800476624367,0.0750701407561178
"1266",90,"Red Junglefowl","2014",2014,-3.43094233305643,0.0749497734849521
"1267",90,"Red Junglefowl","2015",2015,-3.40060368298293,0.0688532586975157
"1268",90,"Red Junglefowl","2016",2016,-3.29046537955417,0.0704007366628475
"1269",90,"Red Junglefowl","2017",2017,-3.18724404232563,0.0979252435619908
"1270",90,"Red Junglefowl","2018",2018,-3.33330936351122,0.0863339900288611
"1271",90,"Red Junglefowl","2019",2019,-3.14153968457111,0.0985188847174203
"1272",90,"Red Junglefowl","2020",2020,-3.44215814010433,0.0884000189614934
"1273",90,"Red Junglefowl","2021",2021,-3.11577719070166,0.102070310506035
"1274",90,"Red Junglefowl","2022",2022,-3.47953056485135,0.0752581812848458
"1275",91,"Red Junglefowl","before 2000",1992,-3.36436756784157,0.116026422746072
"1276",91,"Red Junglefowl","2000-2006",2003,-3.29010635664771,0.0733990939257192
"1277",91,"Red Junglefowl","2007-2010",2009,-3.432925368107,0.101464322074606
"1278",91,"Red Junglefowl","2011-2012",2012,-3.40095800061688,0.0716190279854804
"1279",91,"Red Junglefowl","2013",2013,-3.42983397233153,0.0759839847120893
"1280",91,"Red Junglefowl","2014",2014,-3.52446749391138,0.11202756001985
"1281",91,"Red Junglefowl","2015",2015,-3.1907948671523,0.104484323531777
"1282",91,"Red Junglefowl","2016",2016,-3.11181438857887,0.107036394673722
"1283",91,"Red Junglefowl","2017",2017,-3.33783952327986,0.0877898685362732
"1284",91,"Red Junglefowl","2018",2018,-3.18116405460017,0.0762444480108788
"1285",91,"Red Junglefowl","2019",2019,-3.47925317985286,0.0788849695225261
"1286",91,"Red Junglefowl","2020",2020,-3.14053891419966,0.103685533413406
"1287",91,"Red Junglefowl","2021",2021,-3.67041176850629,0.0816810683981052
"1288",91,"Red Junglefowl","2022",2022,-3.47600030737718,0.0794181581728398
"1289",92,"Red Junglefowl","before 2000",1992,-3.35780824064067,0.116279735808336
"1290",92,"Red Junglefowl","2000-2006",2003,-3.12483422643194,0.0958233053802128
"1291",92,"Red Junglefowl","2007-2010",2009,-3.12977069685636,0.109554217662766
"1292",92,"Red Junglefowl","2011-2012",2012,-3.18917646998843,0.10851476904176
"1293",92,"Red Junglefowl","2013",2013,-3.53215874945396,0.103532583026301
"1294",92,"Red Junglefowl","2014",2014,-3.44158795423516,0.0942399871972143
"1295",92,"Red Junglefowl","2015",2015,-3.34426805042689,0.0812079322348391
"1296",92,"Red Junglefowl","2016",2016,-3.67674718004759,0.0785649933761277
"1297",92,"Red Junglefowl","2017",2017,-3.17995302883329,0.0727679197784026
"1298",92,"Red Junglefowl","2018",2018,-3.42754904818663,0.0717735985030793
"1299",92,"Red Junglefowl","2019",2019,-3.47381234887129,0.0741299873225663
"1300",92,"Red Junglefowl","2020",2020,-3.47939417787664,0.073384304074428
"1301",92,"Red Junglefowl","2021",2021,-3.39936877790823,0.0715896924508982
"1302",92,"Red Junglefowl","2022",2022,-3.28880923455355,0.068101160866073
"1303",93,"Red Junglefowl","before 2000",1992,-3.3536927964748,0.113750068972469
"1304",93,"Red Junglefowl","2000-2006",2003,-3.67237115642104,0.0785547131991226
"1305",93,"Red Junglefowl","2007-2010",2009,-3.47694558034494,0.0770262315686264
"1306",93,"Red Junglefowl","2011-2012",2012,-3.34309918019508,0.0883504150431844
"1307",93,"Red Junglefowl","2013",2013,-3.44519364329523,0.0915766484765389
"1308",93,"Red Junglefowl","2014",2014,-3.14072652011064,0.100604880093937
"1309",93,"Red Junglefowl","2015",2015,-3.18064091681728,0.0711513929163202
"1310",93,"Red Junglefowl","2016",2016,-3.40069129645634,0.0721427457903456
"1311",93,"Red Junglefowl","2017",2017,-3.42840768329297,0.0729494490223891
"1312",93,"Red Junglefowl","2018",2018,-3.52430258515673,0.11076094365151
"1313",93,"Red Junglefowl","2019",2019,-3.28474893690527,0.0690061419029571
"1314",93,"Red Junglefowl","2020",2020,-3.4700259237716,0.0739791247532712
"1315",93,"Red Junglefowl","2021",2021,-3.18373278517997,0.0989841111530297
"1316",93,"Red Junglefowl","2022",2022,-3.11555653546753,0.106780565770807
"1317",94,"Red Junglefowl","before 2000",1992,-3.36686017304931,0.100933427471449
"1318",94,"Red Junglefowl","2000-2006",2003,-3.40245064464222,0.0677236862977088
"1319",94,"Red Junglefowl","2007-2010",2009,-3.4771467596108,0.0691879686224977
"1320",94,"Red Junglefowl","2011-2012",2012,-3.18631448428403,0.0691647276193945
"1321",94,"Red Junglefowl","2013",2013,-3.15006715604408,0.0980963770587392
"1322",94,"Red Junglefowl","2014",2014,-3.48088772095634,0.072493599151766
"1323",94,"Red Junglefowl","2015",2015,-3.4346154842981,0.0703905869047283
"1324",94,"Red Junglefowl","2016",2016,-3.19649314141218,0.105971848987964
"1325",94,"Red Junglefowl","2017",2017,-3.53201172208551,0.107981481431026
"1326",94,"Red Junglefowl","2018",2018,-3.43946403568982,0.0901289695263873
"1327",94,"Red Junglefowl","2019",2019,-3.11728755083204,0.0997411453629777
"1328",94,"Red Junglefowl","2020",2020,-3.29531316259456,0.068085624735442
"1329",94,"Red Junglefowl","2021",2021,-3.34091664071335,0.0827762244997693
"1330",94,"Red Junglefowl","2022",2022,-3.67528333991273,0.0779601378678465
"1331",95,"Red Junglefowl","before 2000",1992,-3.36773053403819,0.113783332932521
"1332",95,"Red Junglefowl","2000-2006",2003,-3.17836982456951,0.102754790297947
"1333",95,"Red Junglefowl","2007-2010",2009,-3.27942803572942,0.0752932633734075
"1334",95,"Red Junglefowl","2011-2012",2012,-3.42628150690659,0.0680309841942868
"1335",95,"Red Junglefowl","2013",2013,-3.47333420459872,0.0716686078784459
"1336",95,"Red Junglefowl","2014",2014,-3.47196697779098,0.07182696760911
"1337",95,"Red Junglefowl","2015",2015,-3.52032274108929,0.11096399717605
"1338",95,"Red Junglefowl","2016",2016,-3.32827823511655,0.085649368042953
"1339",95,"Red Junglefowl","2017",2017,-3.44171478323417,0.0947716829043643
"1340",95,"Red Junglefowl","2018",2018,-3.13680229142625,0.103471317342684
"1341",95,"Red Junglefowl","2019",2019,-3.66790559928558,0.0785928199132278
"1342",95,"Red Junglefowl","2020",2020,-3.10689469711075,0.11270967231023
"1343",95,"Red Junglefowl","2021",2021,-3.17299501477038,0.0738498737179769
"1344",95,"Red Junglefowl","2022",2022,-3.39370668085827,0.0710699028472066
"1345",96,"Red Junglefowl","before 2000",1992,-3.3534049676973,0.111774732561038
"1346",96,"Red Junglefowl","2000-2006",2003,-3.34004155119953,0.0820582841108438
"1347",96,"Red Junglefowl","2007-2010",2009,-3.11353004511357,0.100360204063209
"1348",96,"Red Junglefowl","2011-2012",2012,-3.5198111895279,0.10589620246839
"1349",96,"Red Junglefowl","2013",2013,-3.47404502837298,0.0695100094300025
"1350",96,"Red Junglefowl","2014",2014,-3.288540718267,0.0672965362412218
"1351",96,"Red Junglefowl","2015",2015,-3.43509568703306,0.09643836112045
"1352",96,"Red Junglefowl","2016",2016,-3.18150399958692,0.0692702893393815
"1353",96,"Red Junglefowl","2017",2017,-3.14249212275937,0.102235888530874
"1354",96,"Red Junglefowl","2018",2018,-3.47540390578172,0.0694255151926786
"1355",96,"Red Junglefowl","2019",2019,-3.39698802454516,0.0690389572521549
"1356",96,"Red Junglefowl","2020",2020,-3.67233271167334,0.0777368818658751
"1357",96,"Red Junglefowl","2021",2021,-3.4280985887056,0.069815440391684
"1358",96,"Red Junglefowl","2022",2022,-3.19439694688221,0.101635182739123
"1359",97,"Red Junglefowl","before 2000",1992,-3.35488209959352,0.115327562265501
"1360",97,"Red Junglefowl","2000-2006",2003,-3.18761244666343,0.0674697720968158
"1361",97,"Red Junglefowl","2007-2010",2009,-3.68018553212876,0.0771679625936054
"1362",97,"Red Junglefowl","2011-2012",2012,-3.44871388906446,0.0980368656173461
"1363",97,"Red Junglefowl","2013",2013,-3.29159353813956,0.0698677221014733
"1364",97,"Red Junglefowl","2014",2014,-3.12372351563498,0.0998007811002131
"1365",97,"Red Junglefowl","2015",2015,-3.13557064778847,0.108197593794867
"1366",97,"Red Junglefowl","2016",2016,-3.43168655079282,0.0789327018258346
"1367",97,"Red Junglefowl","2017",2017,-3.48449887927672,0.0684111602576247
"1368",97,"Red Junglefowl","2018",2018,-3.47587403858285,0.074391397685847
"1369",97,"Red Junglefowl","2019",2019,-3.19567700152529,0.104351233226765
"1370",97,"Red Junglefowl","2020",2020,-3.40348614265021,0.0730515368216018
"1371",97,"Red Junglefowl","2021",2021,-3.53207521469242,0.102215006884201
"1372",97,"Red Junglefowl","2022",2022,-3.34829188544348,0.0858910251734862
"1373",98,"Red Junglefowl","before 2000",1992,-3.35253464660793,0.110363063868404
"1374",98,"Red Junglefowl","2000-2006",2003,-3.43314409589241,0.0776202010240111
"1375",98,"Red Junglefowl","2007-2010",2009,-3.3992428657789,0.0725128515824452
"1376",98,"Red Junglefowl","2011-2012",2012,-3.14115733960224,0.0994394119921789
"1377",98,"Red Junglefowl","2013",2013,-3.11874315875789,0.10304026558199
"1378",98,"Red Junglefowl","2014",2014,-3.67522387457049,0.0791373618251693
"1379",98,"Red Junglefowl","2015",2015,-3.47864946004664,0.0759505128899463
"1380",98,"Red Junglefowl","2016",2016,-3.52078760121857,0.111149389810634
"1381",98,"Red Junglefowl","2017",2017,-3.47507276866726,0.071099178413355
"1382",98,"Red Junglefowl","2018",2018,-3.28847154149422,0.0722038918946815
"1383",98,"Red Junglefowl","2019",2019,-3.34099649486952,0.084910094447657
"1384",98,"Red Junglefowl","2020",2020,-3.19069720115279,0.101104951650376
"1385",98,"Red Junglefowl","2021",2021,-3.43955342545661,0.0970768951511524
"1386",98,"Red Junglefowl","2022",2022,-3.1782284726184,0.0719262218868247
"1387",99,"Red Junglefowl","before 2000",1992,-3.35971399028216,0.109906437974034
"1388",99,"Red Junglefowl","2000-2006",2003,-3.5143566972487,0.117409057419123
"1389",99,"Red Junglefowl","2007-2010",2009,-3.19195319925176,0.101378951074452
"1390",99,"Red Junglefowl","2011-2012",2012,-3.47952650703624,0.0769737492361801
"1391",99,"Red Junglefowl","2013",2013,-3.67398327627341,0.0888597347081752
"1392",99,"Red Junglefowl","2014",2014,-3.40040510097759,0.0755247368274583
"1393",99,"Red Junglefowl","2015",2015,-3.4733058371692,0.0799965256291698
"1394",99,"Red Junglefowl","2016",2016,-3.44411716826375,0.0932598041470275
"1395",99,"Red Junglefowl","2017",2017,-3.28914594853607,0.0768943768663842
"1396",99,"Red Junglefowl","2018",2018,-3.12407256580275,0.101759090542116
"1397",99,"Red Junglefowl","2019",2019,-3.17548688049919,0.0815033916684161
"1398",99,"Red Junglefowl","2020",2020,-3.34193181855766,0.0889354860013751
"1399",99,"Red Junglefowl","2021",2021,-3.14354760532961,0.101266078685178
"1400",99,"Red Junglefowl","2022",2022,-3.42948837962677,0.0773810458382195
