"","sl","COMMON.NAME","timegroupsf","timegroups","freq","se"
"1",1,"Red Junglefowl","before 2000",1992,-3.51497283521082,0.0922430817584077
"2",1,"Red Junglefowl","2000-2006",2003,-3.24239104312181,0.0932292858122883
"3",1,"Red Junglefowl","2007-2010",2009,-3.31364052011661,0.101115037988223
"4",1,"Red Junglefowl","2011-2012",2012,-3.38021437651278,0.0950153222489769
"5",1,"Red Junglefowl","2013",2013,-3.50244085431625,0.10418736126987
"6",1,"Red Junglefowl","2014",2014,-3.59668852568761,0.0906084125666634
"7",1,"Red Junglefowl","2015",2015,-3.53780699369335,0.0825183784785389
"8",1,"Red Junglefowl","2016",2016,-3.67950689523221,0.0792708529072854
"9",1,"Red Junglefowl","2017",2017,-3.32827595325958,0.0774039097341415
"10",1,"Red Junglefowl","2018",2018,-3.52968186610311,0.0755264168206238
"11",1,"Red Junglefowl","2019",2019,-3.58151765067152,0.0773366864614757
"12",1,"Red Junglefowl","2020",2020,-3.55269372687431,0.0782647907519928
"13",1,"Red Junglefowl","2021",2021,-3.48260135394996,0.0740836788455062
"14",1,"Red Junglefowl","2022",2022,-3.38414011016723,0.0728571393952717
"15",10,"Red Junglefowl","before 2000",1992,-3.36584232372027,0.105535213605396
"16",10,"Red Junglefowl","2000-2006",2003,-3.14369978754281,0.0956944046943795
"17",10,"Red Junglefowl","2007-2010",2009,-3.183231385219,0.0789308641292962
"18",10,"Red Junglefowl","2011-2012",2012,-3.29091867001918,0.073216282794466
"19",10,"Red Junglefowl","2013",2013,-3.19647475130094,0.0955986794273598
"20",10,"Red Junglefowl","2014",2014,-3.34615916423901,0.0883495687548714
"21",10,"Red Junglefowl","2015",2015,-3.11582829859535,0.106922680944252
"22",10,"Red Junglefowl","2016",2016,-3.48437954805156,0.0746205931756608
"23",10,"Red Junglefowl","2017",2017,-3.67966877892164,0.0744805205856558
"24",10,"Red Junglefowl","2018",2018,-3.40188520740242,0.0738660707117424
"25",10,"Red Junglefowl","2019",2019,-3.52586544428042,0.10719992253124
"26",10,"Red Junglefowl","2020",2020,-3.43245074468842,0.0790659946559933
"27",10,"Red Junglefowl","2021",2021,-3.4773992312218,0.0782684105184225
"28",10,"Red Junglefowl","2022",2022,-3.45085824916814,0.0933584551918102
"29",100,"Red Junglefowl","before 2000",1992,-3.3579653531236,0.105262526598266
"30",100,"Red Junglefowl","2000-2006",2003,-3.44594419498604,0.089124961653069
"31",100,"Red Junglefowl","2007-2010",2009,-3.34654959482215,0.0825009513324609
"32",100,"Red Junglefowl","2011-2012",2012,-3.47395931557161,0.0725379762780615
"33",100,"Red Junglefowl","2013",2013,-3.40399778830254,0.0669194766360213
"34",100,"Red Junglefowl","2014",2014,-3.18744847765842,0.106814095569059
"35",100,"Red Junglefowl","2015",2015,-3.28992291432377,0.0708154126362706
"36",100,"Red Junglefowl","2016",2016,-3.13722697353098,0.104848823125979
"37",100,"Red Junglefowl","2017",2017,-3.11811891968757,0.104801233262501
"38",100,"Red Junglefowl","2018",2018,-3.67120572322211,0.085631185199863
"39",100,"Red Junglefowl","2019",2019,-3.43302827360044,0.0749939975359133
"40",100,"Red Junglefowl","2020",2020,-3.18584228753516,0.0720700062663334
"41",100,"Red Junglefowl","2021",2021,-3.48179624574933,0.0739933239252557
"42",100,"Red Junglefowl","2022",2022,-3.529289026498,0.107384447113644
"43",11,"Red Junglefowl","before 2000",1992,-3.36403666701404,0.110541092030299
"44",11,"Red Junglefowl","2000-2006",2003,-3.48196709272535,0.0754849268007232
"45",11,"Red Junglefowl","2007-2010",2009,-3.43542142765876,0.0705270240835361
"46",11,"Red Junglefowl","2011-2012",2012,-3.1254178831975,0.0947706264641123
"47",11,"Red Junglefowl","2013",2013,-3.34219807633455,0.0828670598146473
"48",11,"Red Junglefowl","2014",2014,-3.18634396565415,0.0700357634741994
"49",11,"Red Junglefowl","2015",2015,-3.67625833231707,0.0811538497221103
"50",11,"Red Junglefowl","2016",2016,-3.47925900295789,0.0716213267289327
"51",11,"Red Junglefowl","2017",2017,-3.40149445271552,0.0696689636118798
"52",11,"Red Junglefowl","2018",2018,-3.18729751252661,0.099135383525614
"53",11,"Red Junglefowl","2019",2019,-3.44331714452905,0.094196023094245
"54",11,"Red Junglefowl","2020",2020,-3.51866666942641,0.125343439796935
"55",11,"Red Junglefowl","2021",2021,-3.28920717035206,0.0720919326824
"56",11,"Red Junglefowl","2022",2022,-3.14778736153641,0.1029323086593
"57",12,"Red Junglefowl","before 2000",1992,-3.35811904444392,0.110508187218217
"58",12,"Red Junglefowl","2000-2006",2003,-3.47486129544496,0.0737792011662116
"59",12,"Red Junglefowl","2007-2010",2009,-3.52835151297536,0.104885108824206
"60",12,"Red Junglefowl","2011-2012",2012,-3.67529056287724,0.0771196154481723
"61",12,"Red Junglefowl","2013",2013,-3.18309443267754,0.0763400811228432
"62",12,"Red Junglefowl","2014",2014,-3.43006858844007,0.0775594209192318
"63",12,"Red Junglefowl","2015",2015,-3.39999060408036,0.0755946227707397
"64",12,"Red Junglefowl","2016",2016,-3.29183664812784,0.0718021725807634
"65",12,"Red Junglefowl","2017",2017,-3.19758784354342,0.104058887620398
"66",12,"Red Junglefowl","2018",2018,-3.34248830592758,0.0865699909140667
"67",12,"Red Junglefowl","2019",2019,-3.1468982957093,0.100155839228912
"68",12,"Red Junglefowl","2020",2020,-3.44986169082794,0.08732947394969
"69",12,"Red Junglefowl","2021",2021,-3.11443107360438,0.100917263418494
"70",12,"Red Junglefowl","2022",2022,-3.48168335138212,0.0744419820114093
"71",13,"Red Junglefowl","before 2000",1992,-3.36460144255035,0.104454146414169
"72",13,"Red Junglefowl","2000-2006",2003,-3.28629485725379,0.0749745557195209
"73",13,"Red Junglefowl","2007-2010",2009,-3.44223533355395,0.0952257209218403
"74",13,"Red Junglefowl","2011-2012",2012,-3.39879762179089,0.0718402449325649
"75",13,"Red Junglefowl","2013",2013,-3.42793129772776,0.0747226330871344
"76",13,"Red Junglefowl","2014",2014,-3.52746762147652,0.11278717095421
"77",13,"Red Junglefowl","2015",2015,-3.18578909736674,0.0956645925492136
"78",13,"Red Junglefowl","2016",2016,-3.11183468429751,0.0977607500552677
"79",13,"Red Junglefowl","2017",2017,-3.33858449219773,0.0878784528397265
"80",13,"Red Junglefowl","2018",2018,-3.17731884192663,0.0759370016482409
"81",13,"Red Junglefowl","2019",2019,-3.47706272934892,0.0759258656467331
"82",13,"Red Junglefowl","2020",2020,-3.14123258045605,0.103753923843328
"83",13,"Red Junglefowl","2021",2021,-3.67423689255651,0.0795084301596443
"84",13,"Red Junglefowl","2022",2022,-3.4717327843532,0.0752964466831122
"85",14,"Red Junglefowl","before 2000",1992,-3.34719643102373,0.108487131399818
"86",14,"Red Junglefowl","2000-2006",2003,-3.10817439870679,0.11105440955948
"87",14,"Red Junglefowl","2007-2010",2009,-3.12847988765997,0.10629473960907
"88",14,"Red Junglefowl","2011-2012",2012,-3.18907548583359,0.0959348895318781
"89",14,"Red Junglefowl","2013",2013,-3.51319927399839,0.111800424057478
"90",14,"Red Junglefowl","2014",2014,-3.43294689668794,0.094566032020914
"91",14,"Red Junglefowl","2015",2015,-3.33451296057383,0.0855768414446905
"92",14,"Red Junglefowl","2016",2016,-3.66689256280897,0.08410024664426
"93",14,"Red Junglefowl","2017",2017,-3.17247699429637,0.0745638239939485
"94",14,"Red Junglefowl","2018",2018,-3.42216205803973,0.0775577960422784
"95",14,"Red Junglefowl","2019",2019,-3.46592409436685,0.078317748505857
"96",14,"Red Junglefowl","2020",2020,-3.46825345110824,0.0754541007646689
"97",14,"Red Junglefowl","2021",2021,-3.39265707941474,0.0771901663125761
"98",14,"Red Junglefowl","2022",2022,-3.28232877606313,0.0737311348054444
"99",15,"Red Junglefowl","before 2000",1992,-3.36858270497992,0.110021935166948
"100",15,"Red Junglefowl","2000-2006",2003,-3.6804687794977,0.0736044790400294
"101",15,"Red Junglefowl","2007-2010",2009,-3.48077964154733,0.071955302526323
"102",15,"Red Junglefowl","2011-2012",2012,-3.34566119050347,0.0847463871797197
"103",15,"Red Junglefowl","2013",2013,-3.43829721071381,0.0961941502388085
"104",15,"Red Junglefowl","2014",2014,-3.13394509148986,0.109301969207692
"105",15,"Red Junglefowl","2015",2015,-3.1840760383674,0.0690795084927464
"106",15,"Red Junglefowl","2016",2016,-3.40003263725279,0.0713319856848457
"107",15,"Red Junglefowl","2017",2017,-3.42978501231856,0.0719531976314425
"108",15,"Red Junglefowl","2018",2018,-3.53616088785518,0.0972438019142456
"109",15,"Red Junglefowl","2019",2019,-3.29131551653853,0.0738725391991436
"110",15,"Red Junglefowl","2020",2020,-3.4774753458332,0.0697381782983559
"111",15,"Red Junglefowl","2021",2021,-3.18577644871966,0.0990458153578654
"112",15,"Red Junglefowl","2022",2022,-3.12529593368146,0.0986414787624269
"113",16,"Red Junglefowl","before 2000",1992,-3.35591259182169,0.112159222475802
"114",16,"Red Junglefowl","2000-2006",2003,-3.39404968940792,0.0761045923924329
"115",16,"Red Junglefowl","2007-2010",2009,-3.47108397354774,0.0703185201853795
"116",16,"Red Junglefowl","2011-2012",2012,-3.17649602540228,0.0769095689697209
"117",16,"Red Junglefowl","2013",2013,-3.12824782830795,0.110655864931978
"118",16,"Red Junglefowl","2014",2014,-3.47210326584664,0.0734384560999284
"119",16,"Red Junglefowl","2015",2015,-3.42377179627575,0.0779793569894509
"120",16,"Red Junglefowl","2016",2016,-3.183233459497,0.101745426586099
"121",16,"Red Junglefowl","2017",2017,-3.51665503009923,0.105051373677088
"122",16,"Red Junglefowl","2018",2018,-3.4391676189341,0.0899187523741948
"123",16,"Red Junglefowl","2019",2019,-3.10962424280482,0.105018693195535
"124",16,"Red Junglefowl","2020",2020,-3.28339750149304,0.0746345196082541
"125",16,"Red Junglefowl","2021",2021,-3.33771612835199,0.0820299952304077
"126",16,"Red Junglefowl","2022",2022,-3.66807975420287,0.0853233304323574
"127",17,"Red Junglefowl","before 2000",1992,-3.35852605941094,0.110081698332446
"128",17,"Red Junglefowl","2000-2006",2003,-3.19503644730002,0.0898155997654431
"129",17,"Red Junglefowl","2007-2010",2009,-3.28916822937205,0.0689537960406851
"130",17,"Red Junglefowl","2011-2012",2012,-3.43176834896273,0.0707978448186523
"131",17,"Red Junglefowl","2013",2013,-3.47789936561092,0.0757447242563499
"132",17,"Red Junglefowl","2014",2014,-3.46955895397406,0.0720077725181548
"133",17,"Red Junglefowl","2015",2015,-3.5268415040951,0.103140594543087
"134",17,"Red Junglefowl","2016",2016,-3.34268448112619,0.077632641845975
"135",17,"Red Junglefowl","2017",2017,-3.44270627001983,0.0913484696378413
"136",17,"Red Junglefowl","2018",2018,-3.12391988664756,0.113005301934689
"137",17,"Red Junglefowl","2019",2019,-3.67071108223268,0.0848596066482067
"138",17,"Red Junglefowl","2020",2020,-3.12661964981194,0.0958843604938242
"139",17,"Red Junglefowl","2021",2021,-3.1829986002317,0.0684609741697203
"140",17,"Red Junglefowl","2022",2022,-3.39588430209778,0.0734219839660898
"141",18,"Red Junglefowl","before 2000",1992,-3.35464697112534,0.115346217863645
"142",18,"Red Junglefowl","2000-2006",2003,-3.33994827703971,0.0898835206966901
"143",18,"Red Junglefowl","2007-2010",2009,-3.12120276394842,0.105303177424425
"144",18,"Red Junglefowl","2011-2012",2012,-3.5226014404272,0.119019859885093
"145",18,"Red Junglefowl","2013",2013,-3.47275170834483,0.0782972371792797
"146",18,"Red Junglefowl","2014",2014,-3.28806290923581,0.0737533651454672
"147",18,"Red Junglefowl","2015",2015,-3.44406807946068,0.09409075769096
"148",18,"Red Junglefowl","2016",2016,-3.17752135310795,0.0805954755343833
"149",18,"Red Junglefowl","2017",2017,-3.13605494670982,0.100168588564592
"150",18,"Red Junglefowl","2018",2018,-3.47389488435502,0.0797280831620096
"151",18,"Red Junglefowl","2019",2019,-3.3961170537274,0.0803053732056039
"152",18,"Red Junglefowl","2020",2020,-3.67221905095555,0.089102267312416
"153",18,"Red Junglefowl","2021",2021,-3.43085552772183,0.0823989531166842
"154",18,"Red Junglefowl","2022",2022,-3.19336931231994,0.0992465831273317
"155",19,"Red Junglefowl","before 2000",1992,-3.3634673318535,0.105432647224466
"156",19,"Red Junglefowl","2000-2006",2003,-3.17896833749195,0.0785573735448168
"157",19,"Red Junglefowl","2007-2010",2009,-3.67239607117282,0.090161846786234
"158",19,"Red Junglefowl","2011-2012",2012,-3.43986754020254,0.0991695339399198
"159",19,"Red Junglefowl","2013",2013,-3.28492224318893,0.0737911889191929
"160",19,"Red Junglefowl","2014",2014,-3.11541075816493,0.100568382226055
"161",19,"Red Junglefowl","2015",2015,-3.13376730566266,0.0960114017794423
"162",19,"Red Junglefowl","2016",2016,-3.43133731617289,0.0754694742609966
"163",19,"Red Junglefowl","2017",2017,-3.47714249133617,0.0787278728174391
"164",19,"Red Junglefowl","2018",2018,-3.46941589557979,0.0787413470656746
"165",19,"Red Junglefowl","2019",2019,-3.18740449639206,0.0959020883791799
"166",19,"Red Junglefowl","2020",2020,-3.39566583838105,0.0755121330543653
"167",19,"Red Junglefowl","2021",2021,-3.52365414357915,0.110646741317442
"168",19,"Red Junglefowl","2022",2022,-3.34196513849999,0.0888291182038717
"169",2,"Red Junglefowl","before 2000",1992,-3.44458510141673,0.109202195719324
"170",2,"Red Junglefowl","2000-2006",2003,-3.6725255320758,0.0844428676474552
"171",2,"Red Junglefowl","2007-2010",2009,-3.49046830910317,0.0711039763764411
"172",2,"Red Junglefowl","2011-2012",2012,-3.36121070858044,0.0835930022151194
"173",2,"Red Junglefowl","2013",2013,-3.52906104894753,0.0942393849856377
"174",2,"Red Junglefowl","2014",2014,-3.17559333873801,0.0921841551802848
"175",2,"Red Junglefowl","2015",2015,-3.23184290559663,0.070492878771951
"176",2,"Red Junglefowl","2016",2016,-3.4290755841491,0.0759851142012751
"177",2,"Red Junglefowl","2017",2017,-3.46881612084564,0.0723251291376911
"178",2,"Red Junglefowl","2018",2018,-3.52268490902829,0.0954124296110054
"179",2,"Red Junglefowl","2019",2019,-3.31666788984008,0.0694457372531426
"180",2,"Red Junglefowl","2020",2020,-3.52099690826902,0.0735219277840425
"181",2,"Red Junglefowl","2021",2021,-3.21431997603169,0.0949686275859464
"182",2,"Red Junglefowl","2022",2022,-3.06950028676546,0.100507149092469
"183",20,"Red Junglefowl","before 2000",1992,-3.36108649075626,0.106503121683485
"184",20,"Red Junglefowl","2000-2006",2003,-3.43209744797094,0.0762470269913531
"185",20,"Red Junglefowl","2007-2010",2009,-3.40003600278497,0.0729088890559823
"186",20,"Red Junglefowl","2011-2012",2012,-3.12862872505215,0.100274173235089
"187",20,"Red Junglefowl","2013",2013,-3.12521351407517,0.0953504926230753
"188",20,"Red Junglefowl","2014",2014,-3.67842250546068,0.076374378699007
"189",20,"Red Junglefowl","2015",2015,-3.47784700327294,0.0766657515358934
"190",20,"Red Junglefowl","2016",2016,-3.5183339579236,0.110456195607127
"191",20,"Red Junglefowl","2017",2017,-3.47414569386834,0.0718645762728903
"192",20,"Red Junglefowl","2018",2018,-3.28455990504227,0.0749745006326784
"193",20,"Red Junglefowl","2019",2019,-3.34214641178075,0.086697233943375
"194",20,"Red Junglefowl","2020",2020,-3.18557834512073,0.101468510581057
"195",20,"Red Junglefowl","2021",2021,-3.43659919850166,0.101235818378001
"196",20,"Red Junglefowl","2022",2022,-3.17829285150872,0.0729177848910046
"197",21,"Red Junglefowl","before 2000",1992,-3.35562608467108,0.104048694767846
"198",21,"Red Junglefowl","2000-2006",2003,-3.52229646737855,0.113307823555057
"199",21,"Red Junglefowl","2007-2010",2009,-3.1935773637067,0.09963476536391
"200",21,"Red Junglefowl","2011-2012",2012,-3.4791857811337,0.0756631018155884
"201",21,"Red Junglefowl","2013",2013,-3.67742523694871,0.0741529818680223
"202",21,"Red Junglefowl","2014",2014,-3.39829793506354,0.0719228484129212
"203",21,"Red Junglefowl","2015",2015,-3.46998391019463,0.0753787394761913
"204",21,"Red Junglefowl","2016",2016,-3.4450574432235,0.0943910498997592
"205",21,"Red Junglefowl","2017",2017,-3.28863884194274,0.0695058411890248
"206",21,"Red Junglefowl","2018",2018,-3.11370579671507,0.103258188157736
"207",21,"Red Junglefowl","2019",2019,-3.18037817363043,0.0704165376417475
"208",21,"Red Junglefowl","2020",2020,-3.34294126153193,0.0851572987126504
"209",21,"Red Junglefowl","2021",2021,-3.13960940446818,0.101677461170799
"210",21,"Red Junglefowl","2022",2022,-3.43206991087844,0.0708844412982399
"211",22,"Red Junglefowl","before 2000",1992,-3.36756450869015,0.108781110157577
"212",22,"Red Junglefowl","2000-2006",2003,-3.43691261439992,0.0996026566090933
"213",22,"Red Junglefowl","2007-2010",2009,-3.33830472362257,0.0876034001418742
"214",22,"Red Junglefowl","2011-2012",2012,-3.47160392245028,0.075662568601308
"215",22,"Red Junglefowl","2013",2013,-3.39877621052613,0.0707365859083998
"216",22,"Red Junglefowl","2014",2014,-3.19244474796248,0.0925244267201675
"217",22,"Red Junglefowl","2015",2015,-3.28752126284452,0.0706819152269288
"218",22,"Red Junglefowl","2016",2016,-3.12801576869394,0.100528978591489
"219",22,"Red Junglefowl","2017",2017,-3.10692221380548,0.10998994011406
"220",22,"Red Junglefowl","2018",2018,-3.67215432080721,0.0832092059513507
"221",22,"Red Junglefowl","2019",2019,-3.42818556902095,0.075248859147132
"222",22,"Red Junglefowl","2020",2020,-3.17903245948667,0.0751489903711915
"223",22,"Red Junglefowl","2021",2021,-3.48051604456304,0.073025366122476
"224",22,"Red Junglefowl","2022",2022,-3.52100453298684,0.11584727418747
"225",23,"Red Junglefowl","before 2000",1992,-3.35560070509561,0.111266668695596
"226",23,"Red Junglefowl","2000-2006",2003,-3.13624103795165,0.103885458004227
"227",23,"Red Junglefowl","2007-2010",2009,-3.17689258903226,0.0757281211097377
"228",23,"Red Junglefowl","2011-2012",2012,-3.29034816657592,0.0667661801096696
"229",23,"Red Junglefowl","2013",2013,-3.18636831445054,0.103214242413171
"230",23,"Red Junglefowl","2014",2014,-3.34394029066342,0.079479214442748
"231",23,"Red Junglefowl","2015",2015,-3.12020303438236,0.0955204387195226
"232",23,"Red Junglefowl","2016",2016,-3.4816769829412,0.0721610881335849
"233",23,"Red Junglefowl","2017",2017,-3.67276603819089,0.0830903551987976
"234",23,"Red Junglefowl","2018",2018,-3.40115987338393,0.0689797604847679
"235",23,"Red Junglefowl","2019",2019,-3.52310858357648,0.10603949243843
"236",23,"Red Junglefowl","2020",2020,-3.42778796643181,0.0711070575028715
"237",23,"Red Junglefowl","2021",2021,-3.46981008599925,0.0743053390673987
"238",23,"Red Junglefowl","2022",2022,-3.44072913590677,0.0938677810496882
"239",24,"Red Junglefowl","before 2000",1992,-3.36605307309889,0.101630717595694
"240",24,"Red Junglefowl","2000-2006",2003,-3.48220278087566,0.0725521198683963
"241",24,"Red Junglefowl","2007-2010",2009,-3.43211411929022,0.0715281247852049
"242",24,"Red Junglefowl","2011-2012",2012,-3.12541915049587,0.102079864610777
"243",24,"Red Junglefowl","2013",2013,-3.33945014374467,0.0833239615162439
"244",24,"Red Junglefowl","2014",2014,-3.1839549232899,0.0710742885437045
"245",24,"Red Junglefowl","2015",2015,-3.67888023337882,0.0779635901426831
"246",24,"Red Junglefowl","2016",2016,-3.47696361402396,0.0734565760844293
"247",24,"Red Junglefowl","2017",2017,-3.4027324477743,0.0687428330198068
"248",24,"Red Junglefowl","2018",2018,-3.19642771673718,0.105722036444523
"249",24,"Red Junglefowl","2019",2019,-3.44616031211579,0.0878337443865804
"250",24,"Red Junglefowl","2020",2020,-3.52139627624702,0.108221071107627
"251",24,"Red Junglefowl","2021",2021,-3.29126763516391,0.0718579120017016
"252",24,"Red Junglefowl","2022",2022,-3.14679112368603,0.0993176751507321
"253",25,"Red Junglefowl","before 2000",1992,-3.36657406108131,0.105254233678107
"254",25,"Red Junglefowl","2000-2006",2003,-3.47175867053814,0.0763895255664079
"255",25,"Red Junglefowl","2007-2010",2009,-3.52732646751084,0.0986441109988007
"256",25,"Red Junglefowl","2011-2012",2012,-3.66639280826845,0.084690620041481
"257",25,"Red Junglefowl","2013",2013,-3.17412184582916,0.0745820488489084
"258",25,"Red Junglefowl","2014",2014,-3.42718101063139,0.0749386195846895
"259",25,"Red Junglefowl","2015",2015,-3.39825674292103,0.0733554181136292
"260",25,"Red Junglefowl","2016",2016,-3.28601545149245,0.0717473708022306
"261",25,"Red Junglefowl","2017",2017,-3.19204235577826,0.100716984659503
"262",25,"Red Junglefowl","2018",2018,-3.33578108391611,0.0853419795556313
"263",25,"Red Junglefowl","2019",2019,-3.13365207461515,0.103674914257024
"264",25,"Red Junglefowl","2020",2020,-3.44619978062191,0.0973515151578529
"265",25,"Red Junglefowl","2021",2021,-3.11362185465865,0.0922764273950163
"266",25,"Red Junglefowl","2022",2022,-3.47909227691763,0.0715291293660846
"267",26,"Red Junglefowl","before 2000",1992,-3.36192081823354,0.107950530069795
"268",26,"Red Junglefowl","2000-2006",2003,-3.2945187651776,0.0693592640604695
"269",26,"Red Junglefowl","2007-2010",2009,-3.44572487460364,0.0950859837995894
"270",26,"Red Junglefowl","2011-2012",2012,-3.40799837760017,0.0649385470439544
"271",26,"Red Junglefowl","2013",2013,-3.4369229408913,0.0693030744779776
"272",26,"Red Junglefowl","2014",2014,-3.52294713922358,0.107471894826437
"273",26,"Red Junglefowl","2015",2015,-3.19689677685892,0.103053098696552
"274",26,"Red Junglefowl","2016",2016,-3.12925168354165,0.101055499905679
"275",26,"Red Junglefowl","2017",2017,-3.34419242049612,0.0904959337108521
"276",26,"Red Junglefowl","2018",2018,-3.18763701000929,0.0687119261220438
"277",26,"Red Junglefowl","2019",2019,-3.48691775447423,0.0696924928845793
"278",26,"Red Junglefowl","2020",2020,-3.13462688554749,0.110419836230186
"279",26,"Red Junglefowl","2021",2021,-3.67929017111692,0.08053926720296
"280",26,"Red Junglefowl","2022",2022,-3.47958065643088,0.0792900148824707
"281",27,"Red Junglefowl","before 2000",1992,-3.35961293075892,0.115243302926801
"282",27,"Red Junglefowl","2000-2006",2003,-3.12098804554643,0.101847402989508
"283",27,"Red Junglefowl","2007-2010",2009,-3.14826601082331,0.10530529683502
"284",27,"Red Junglefowl","2011-2012",2012,-3.19344066654924,0.105697548360175
"285",27,"Red Junglefowl","2013",2013,-3.53085772792985,0.108461270887092
"286",27,"Red Junglefowl","2014",2014,-3.44084828009194,0.0954402714196086
"287",27,"Red Junglefowl","2015",2015,-3.3437922303849,0.0881594885006947
"288",27,"Red Junglefowl","2016",2016,-3.67381288383424,0.0811577419884454
"289",27,"Red Junglefowl","2017",2017,-3.18067257587543,0.0779341238472594
"290",27,"Red Junglefowl","2018",2018,-3.4332558630402,0.0756414199676995
"291",27,"Red Junglefowl","2019",2019,-3.47312597661232,0.0769111220990101
"292",27,"Red Junglefowl","2020",2020,-3.48138843301996,0.0774909826349796
"293",27,"Red Junglefowl","2021",2021,-3.40072301545232,0.0719882057240248
"294",27,"Red Junglefowl","2022",2022,-3.28952013299835,0.0740392780815647
"295",28,"Red Junglefowl","before 2000",1992,-3.35853131549992,0.107657158278514
"296",28,"Red Junglefowl","2000-2006",2003,-3.67352084148395,0.0816349469743461
"297",28,"Red Junglefowl","2007-2010",2009,-3.47619268448204,0.0705432055743334
"298",28,"Red Junglefowl","2011-2012",2012,-3.33968871665159,0.0829887650798623
"299",28,"Red Junglefowl","2013",2013,-3.43721241387482,0.093211266530502
"300",28,"Red Junglefowl","2014",2014,-3.14113333566897,0.0976583010651354
"301",28,"Red Junglefowl","2015",2015,-3.17740528256224,0.070926627454764
"302",28,"Red Junglefowl","2016",2016,-3.3943277874222,0.0719547327423529
"303",28,"Red Junglefowl","2017",2017,-3.43029320195017,0.0711401134592371
"304",28,"Red Junglefowl","2018",2018,-3.52442711985151,0.111182102471051
"305",28,"Red Junglefowl","2019",2019,-3.28746217379566,0.0716821903032721
"306",28,"Red Junglefowl","2020",2020,-3.47126675774886,0.0730404176393723
"307",28,"Red Junglefowl","2021",2021,-3.18212216044157,0.0984236049712101
"308",28,"Red Junglefowl","2022",2022,-3.11205613815126,0.102681758660755
"309",29,"Red Junglefowl","before 2000",1992,-3.36283398155607,0.111763576081583
"310",29,"Red Junglefowl","2000-2006",2003,-3.39676824152325,0.0780303773629626
"311",29,"Red Junglefowl","2007-2010",2009,-3.47242191830145,0.0781774088645867
"312",29,"Red Junglefowl","2011-2012",2012,-3.17694224590659,0.0774966879019484
"313",29,"Red Junglefowl","2013",2013,-3.13762159975061,0.1056802936299
"314",29,"Red Junglefowl","2014",2014,-3.47972590152233,0.0760141990752501
"315",29,"Red Junglefowl","2015",2015,-3.42873377334863,0.0719363494712277
"316",29,"Red Junglefowl","2016",2016,-3.18323187732129,0.0977750667143265
"317",29,"Red Junglefowl","2017",2017,-3.52135267645152,0.103936532078333
"318",29,"Red Junglefowl","2018",2018,-3.44126374799964,0.0939522530374165
"319",29,"Red Junglefowl","2019",2019,-3.12073225374491,0.106471753013516
"320",29,"Red Junglefowl","2020",2020,-3.28389477293179,0.0734869329252401
"321",29,"Red Junglefowl","2021",2021,-3.34561655341044,0.0804205094012949
"322",29,"Red Junglefowl","2022",2022,-3.67338185060717,0.0813675994657965
"323",3,"Red Junglefowl","before 2000",1992,-3.39789207251358,0.109809325396648
"324",3,"Red Junglefowl","2000-2006",2003,-3.39963825755408,0.0706505174752328
"325",3,"Red Junglefowl","2007-2010",2009,-3.49009761563604,0.0790816548041392
"326",3,"Red Junglefowl","2011-2012",2012,-3.19692923826124,0.0734363655333852
"327",3,"Red Junglefowl","2013",2013,-3.1029876208225,0.104160975872958
"328",3,"Red Junglefowl","2014",2014,-3.48973524708559,0.0767564507615126
"329",3,"Red Junglefowl","2015",2015,-3.45190302870655,0.07546912250314
"330",3,"Red Junglefowl","2016",2016,-3.17838756718103,0.100840658465861
"331",3,"Red Junglefowl","2017",2017,-3.50603900669448,0.099021302176532
"332",3,"Red Junglefowl","2018",2018,-3.46955920291929,0.100390940866155
"333",3,"Red Junglefowl","2019",2019,-3.10536428436332,0.0974696476651455
"334",3,"Red Junglefowl","2020",2020,-3.30260956507592,0.0715898905811109
"335",3,"Red Junglefowl","2021",2021,-3.32839768266872,0.085608296738344
"336",3,"Red Junglefowl","2022",2022,-3.68247042362307,0.0838976700427739
"337",30,"Red Junglefowl","before 2000",1992,-3.36783695337085,0.10827919424157
"338",30,"Red Junglefowl","2000-2006",2003,-3.18860967434008,0.109348495035022
"339",30,"Red Junglefowl","2007-2010",2009,-3.28764244987991,0.0691449618499131
"340",30,"Red Junglefowl","2011-2012",2012,-3.42828556796245,0.0740585837924347
"341",30,"Red Junglefowl","2013",2013,-3.47721082826508,0.072237517185214
"342",30,"Red Junglefowl","2014",2014,-3.4702080389148,0.0700891763018996
"343",30,"Red Junglefowl","2015",2015,-3.52447882245105,0.104262652800558
"344",30,"Red Junglefowl","2016",2016,-3.3354332656378,0.0866839680458139
"345",30,"Red Junglefowl","2017",2017,-3.43353203456123,0.0950449390943771
"346",30,"Red Junglefowl","2018",2018,-3.14133792422545,0.101947139460235
"347",30,"Red Junglefowl","2019",2019,-3.6686585827136,0.0822464492224896
"348",30,"Red Junglefowl","2020",2020,-3.1100827078217,0.108545716646343
"349",30,"Red Junglefowl","2021",2021,-3.17537736758356,0.0749978240481678
"350",30,"Red Junglefowl","2022",2022,-3.3965585191742,0.0702897102652896
"351",31,"Red Junglefowl","before 2000",1992,-3.36086165463248,0.117475221754643
"352",31,"Red Junglefowl","2000-2006",2003,-3.34721849868275,0.0861421975088591
"353",31,"Red Junglefowl","2007-2010",2009,-3.1128673974669,0.105718868986908
"354",31,"Red Junglefowl","2011-2012",2012,-3.52963619318475,0.110017938711705
"355",31,"Red Junglefowl","2013",2013,-3.47558043777246,0.0754045607074041
"356",31,"Red Junglefowl","2014",2014,-3.29095415421942,0.0713632916097904
"357",31,"Red Junglefowl","2015",2015,-3.43710573418197,0.103478202153695
"358",31,"Red Junglefowl","2016",2016,-3.18296158489175,0.0741775543491693
"359",31,"Red Junglefowl","2017",2017,-3.14742198561493,0.112850543875348
"360",31,"Red Junglefowl","2018",2018,-3.47772416986691,0.0751380224484262
"361",31,"Red Junglefowl","2019",2019,-3.39993744387275,0.0757630086200424
"362",31,"Red Junglefowl","2020",2020,-3.67647776115012,0.0842914243901988
"363",31,"Red Junglefowl","2021",2021,-3.43618725808347,0.0753234472041386
"364",31,"Red Junglefowl","2022",2022,-3.19172074959688,0.101642696822284
"365",32,"Red Junglefowl","before 2000",1992,-3.36818135731295,0.09391550959175
"366",32,"Red Junglefowl","2000-2006",2003,-3.17869397713801,0.0756865144796477
"367",32,"Red Junglefowl","2007-2010",2009,-3.67128486940015,0.0868876606482911
"368",32,"Red Junglefowl","2011-2012",2012,-3.43291474389267,0.0978631348295466
"369",32,"Red Junglefowl","2013",2013,-3.28496522903581,0.0703848209534801
"370",32,"Red Junglefowl","2014",2014,-3.11511611853565,0.105114260502432
"371",32,"Red Junglefowl","2015",2015,-3.13656072275642,0.106449190130627
"372",32,"Red Junglefowl","2016",2016,-3.42803401866244,0.0769872883680786
"373",32,"Red Junglefowl","2017",2017,-3.47602533297585,0.0735023432501737
"374",32,"Red Junglefowl","2018",2018,-3.47184781809216,0.0765115185997985
"375",32,"Red Junglefowl","2019",2019,-3.19180160174916,0.100469817467112
"376",32,"Red Junglefowl","2020",2020,-3.39552583298883,0.0714730222041368
"377",32,"Red Junglefowl","2021",2021,-3.52771941325973,0.105901047822204
"378",32,"Red Junglefowl","2022",2022,-3.33665795400703,0.0826192831456353
"379",33,"Red Junglefowl","before 2000",1992,-3.35192955119382,0.110640346881146
"380",33,"Red Junglefowl","2000-2006",2003,-3.42466266547686,0.0786278276256367
"381",33,"Red Junglefowl","2007-2010",2009,-3.39705773006207,0.0790019624400923
"382",33,"Red Junglefowl","2011-2012",2012,-3.13606246001144,0.104170935594709
"383",33,"Red Junglefowl","2013",2013,-3.11832283691825,0.0923980974171383
"384",33,"Red Junglefowl","2014",2014,-3.6658833956873,0.0897656414537158
"385",33,"Red Junglefowl","2015",2015,-3.47596758750032,0.0767045856353262
"386",33,"Red Junglefowl","2016",2016,-3.5285925079336,0.10704562715289
"387",33,"Red Junglefowl","2017",2017,-3.47685275670549,0.0785642849704465
"388",33,"Red Junglefowl","2018",2018,-3.28583169479347,0.0768253296872601
"389",33,"Red Junglefowl","2019",2019,-3.33999205396818,0.0854554227218747
"390",33,"Red Junglefowl","2020",2020,-3.18964659394965,0.103124472308177
"391",33,"Red Junglefowl","2021",2021,-3.44067321921956,0.0935954901284944
"392",33,"Red Junglefowl","2022",2022,-3.1770309475566,0.0795961956223082
"393",34,"Red Junglefowl","before 2000",1992,-3.35132892236382,0.109337711240748
"394",34,"Red Junglefowl","2000-2006",2003,-3.52050548898506,0.110181969058488
"395",34,"Red Junglefowl","2007-2010",2009,-3.18697329118356,0.10309171555034
"396",34,"Red Junglefowl","2011-2012",2012,-3.47662023072985,0.0704684864578364
"397",34,"Red Junglefowl","2013",2013,-3.66709102676917,0.0728868868177894
"398",34,"Red Junglefowl","2014",2014,-3.39727779637547,0.0677605928123403
"399",34,"Red Junglefowl","2015",2015,-3.47180341906154,0.069914363650183
"400",34,"Red Junglefowl","2016",2016,-3.43794853081495,0.0916028999082564
"401",34,"Red Junglefowl","2017",2017,-3.29100343636526,0.0669497678230526
"402",34,"Red Junglefowl","2018",2018,-3.11436002262419,0.0972970671805047
"403",34,"Red Junglefowl","2019",2019,-3.17619268162343,0.075851462398125
"404",34,"Red Junglefowl","2020",2020,-3.33893016757158,0.0839905510732248
"405",34,"Red Junglefowl","2021",2021,-3.1334607272408,0.098286131315079
"406",34,"Red Junglefowl","2022",2022,-3.42679642818002,0.0729469391768801
"407",35,"Red Junglefowl","before 2000",1992,-3.36228700310433,0.113514972575625
"408",35,"Red Junglefowl","2000-2006",2003,-3.43921665213293,0.0989865577276623
"409",35,"Red Junglefowl","2007-2010",2009,-3.34298353345598,0.0795160477392213
"410",35,"Red Junglefowl","2011-2012",2012,-3.47438392192364,0.0762250125234767
"411",35,"Red Junglefowl","2013",2013,-3.39770103253845,0.0771070105886731
"412",35,"Red Junglefowl","2014",2014,-3.18656821755772,0.10444192304341
"413",35,"Red Junglefowl","2015",2015,-3.28899711366583,0.0735487120453345
"414",35,"Red Junglefowl","2016",2016,-3.14295055280361,0.100128732320189
"415",35,"Red Junglefowl","2017",2017,-3.11627888683281,0.109479500248374
"416",35,"Red Junglefowl","2018",2018,-3.67471403506666,0.0795705931520982
"417",35,"Red Junglefowl","2019",2019,-3.42975680355648,0.0776079426528775
"418",35,"Red Junglefowl","2020",2020,-3.18127935984893,0.0760594299628995
"419",35,"Red Junglefowl","2021",2021,-3.47615165531046,0.0741162665566143
"420",35,"Red Junglefowl","2022",2022,-3.52802864799599,0.103110219020717
"421",36,"Red Junglefowl","before 2000",1992,-3.3668310902748,0.110858640540176
"422",36,"Red Junglefowl","2000-2006",2003,-3.15089888964011,0.103352967813108
"423",36,"Red Junglefowl","2007-2010",2009,-3.18754790250654,0.0705238134221946
"424",36,"Red Junglefowl","2011-2012",2012,-3.29455682568913,0.0729394903139833
"425",36,"Red Junglefowl","2013",2013,-3.19709496357101,0.102917008595998
"426",36,"Red Junglefowl","2014",2014,-3.34651002760979,0.0934767795607819
"427",36,"Red Junglefowl","2015",2015,-3.11889624299385,0.103194546789786
"428",36,"Red Junglefowl","2016",2016,-3.4911158811295,0.0729664506558516
"429",36,"Red Junglefowl","2017",2017,-3.6771274054618,0.0882805196383309
"430",36,"Red Junglefowl","2018",2018,-3.40842036488001,0.0713273467380637
"431",36,"Red Junglefowl","2019",2019,-3.53233692882817,0.1081624567116
"432",36,"Red Junglefowl","2020",2020,-3.4362618146916,0.0804241907585093
"433",36,"Red Junglefowl","2021",2021,-3.47762305180476,0.0811591273654055
"434",36,"Red Junglefowl","2022",2022,-3.44930887054907,0.100459152762159
"435",37,"Red Junglefowl","before 2000",1992,-3.35733259570585,0.112060392918181
"436",37,"Red Junglefowl","2000-2006",2003,-3.47000571778721,0.075724878386276
"437",37,"Red Junglefowl","2007-2010",2009,-3.42661157466665,0.0786010403429145
"438",37,"Red Junglefowl","2011-2012",2012,-3.11116051059372,0.107535995947702
"439",37,"Red Junglefowl","2013",2013,-3.33699849204678,0.0853549995477177
"440",37,"Red Junglefowl","2014",2014,-3.17804719709592,0.0742895343009634
"441",37,"Red Junglefowl","2015",2015,-3.67508080036229,0.0758507513767168
"442",37,"Red Junglefowl","2016",2016,-3.46691543711609,0.0797428208178417
"443",37,"Red Junglefowl","2017",2017,-3.39306436338214,0.0739285614546953
"444",37,"Red Junglefowl","2018",2018,-3.18442456818339,0.0975130698662571
"445",37,"Red Junglefowl","2019",2019,-3.43592786041519,0.0903956640536414
"446",37,"Red Junglefowl","2020",2020,-3.52762724455866,0.107078999366409
"447",37,"Red Junglefowl","2021",2021,-3.28318421237235,0.0716362805856434
"448",37,"Red Junglefowl","2022",2022,-3.13504092945621,0.109112706147852
"449",38,"Red Junglefowl","before 2000",1992,-3.35654192555522,0.110410922987604
"450",38,"Red Junglefowl","2000-2006",2003,-3.47784013201019,0.0743976045958588
"451",38,"Red Junglefowl","2007-2010",2009,-3.52479809012945,0.109986988308624
"452",38,"Red Junglefowl","2011-2012",2012,-3.68050630633357,0.0814675788210348
"453",38,"Red Junglefowl","2013",2013,-3.18400872403965,0.0788400866767811
"454",38,"Red Junglefowl","2014",2014,-3.43356255099825,0.0775479769956459
"455",38,"Red Junglefowl","2015",2015,-3.40239414512543,0.0744881394578157
"456",38,"Red Junglefowl","2016",2016,-3.28898628387463,0.0741594846509671
"457",38,"Red Junglefowl","2017",2017,-3.19575080080955,0.0994893548340895
"458",38,"Red Junglefowl","2018",2018,-3.34593350737049,0.0851969898153468
"459",38,"Red Junglefowl","2019",2019,-3.14022566198823,0.0999463406136284
"460",38,"Red Junglefowl","2020",2020,-3.44449830591958,0.0964768989233491
"461",38,"Red Junglefowl","2021",2021,-3.12095523163071,0.107507750420873
"462",38,"Red Junglefowl","2022",2022,-3.48164744988076,0.0749243988877643
"463",39,"Red Junglefowl","before 2000",1992,-3.36914658821713,0.09928129262175
"464",39,"Red Junglefowl","2000-2006",2003,-3.28755150032491,0.0705372837180317
"465",39,"Red Junglefowl","2007-2010",2009,-3.44627818882196,0.0932294168397402
"466",39,"Red Junglefowl","2011-2012",2012,-3.39681151688144,0.0711889807869797
"467",39,"Red Junglefowl","2013",2013,-3.43112854047268,0.0698164536941092
"468",39,"Red Junglefowl","2014",2014,-3.52971046456227,0.106908568966257
"469",39,"Red Junglefowl","2015",2015,-3.18359030244045,0.0996409229152072
"470",39,"Red Junglefowl","2016",2016,-3.11325612325774,0.107436789653245
"471",39,"Red Junglefowl","2017",2017,-3.3399924642304,0.0845670177260588
"472",39,"Red Junglefowl","2018",2018,-3.18030269109248,0.0715792457485106
"473",39,"Red Junglefowl","2019",2019,-3.4807812679809,0.0725295512659095
"474",39,"Red Junglefowl","2020",2020,-3.12947819969311,0.103596341912248
"475",39,"Red Junglefowl","2021",2021,-3.67430690758535,0.0835776481716244
"476",39,"Red Junglefowl","2022",2022,-3.47645216792525,0.0733440105587033
"477",4,"Red Junglefowl","before 2000",1992,-3.35872763341072,0.106648178589651
"478",4,"Red Junglefowl","2000-2006",2003,-3.18856208701114,0.101658458809697
"479",4,"Red Junglefowl","2007-2010",2009,-3.30185282519672,0.0705429051704003
"480",4,"Red Junglefowl","2011-2012",2012,-3.43646317756909,0.074904796749657
"481",4,"Red Junglefowl","2013",2013,-3.49160449872746,0.0732336777860602
"482",4,"Red Junglefowl","2014",2014,-3.48098649427027,0.0755433341711511
"483",4,"Red Junglefowl","2015",2015,-3.58112375205901,0.113041841014114
"484",4,"Red Junglefowl","2016",2016,-3.34498116761495,0.0794945856601132
"485",4,"Red Junglefowl","2017",2017,-3.46161955466345,0.0933239427329045
"486",4,"Red Junglefowl","2018",2018,-3.11793963517099,0.0969545637524262
"487",4,"Red Junglefowl","2019",2019,-3.68051558833718,0.0802520517099676
"488",4,"Red Junglefowl","2020",2020,-3.13402082839682,0.102252339698084
"489",4,"Red Junglefowl","2021",2021,-3.18267322383897,0.0711822133247019
"490",4,"Red Junglefowl","2022",2022,-3.40307974790517,0.0675973381275354
"491",40,"Red Junglefowl","before 2000",1992,-3.3388207848334,0.111599571695921
"492",40,"Red Junglefowl","2000-2006",2003,-3.1012355455562,0.106174196759303
"493",40,"Red Junglefowl","2007-2010",2009,-3.13017191350971,0.099750219690857
"494",40,"Red Junglefowl","2011-2012",2012,-3.17896513124518,0.0965128593600205
"495",40,"Red Junglefowl","2013",2013,-3.51127140637587,0.108209743501116
"496",40,"Red Junglefowl","2014",2014,-3.4321461158126,0.0968610441202981
"497",40,"Red Junglefowl","2015",2015,-3.33199717271039,0.0812150940169971
"498",40,"Red Junglefowl","2016",2016,-3.6641547681759,0.0773990405201294
"499",40,"Red Junglefowl","2017",2017,-3.17192616559333,0.0745074322636482
"500",40,"Red Junglefowl","2018",2018,-3.42677794412556,0.0721594537477483
"501",40,"Red Junglefowl","2019",2019,-3.47069957259301,0.0721825748279881
"502",40,"Red Junglefowl","2020",2020,-3.47416946828405,0.0721491103575045
"503",40,"Red Junglefowl","2021",2021,-3.39152647899092,0.0728217320738348
"504",40,"Red Junglefowl","2022",2022,-3.28100475743963,0.0708224533618833
"505",41,"Red Junglefowl","before 2000",1992,-3.35889680847034,0.107277800517831
"506",41,"Red Junglefowl","2000-2006",2003,-3.67853307814994,0.0793265031206846
"507",41,"Red Junglefowl","2007-2010",2009,-3.47612584077721,0.0794629573054723
"508",41,"Red Junglefowl","2011-2012",2012,-3.33597715637724,0.0924966907182933
"509",41,"Red Junglefowl","2013",2013,-3.44509476268476,0.0910987231628527
"510",41,"Red Junglefowl","2014",2014,-3.13748327189694,0.108095340602778
"511",41,"Red Junglefowl","2015",2015,-3.18445290025457,0.0744462252390385
"512",41,"Red Junglefowl","2016",2016,-3.39968270857765,0.0723093515677339
"513",41,"Red Junglefowl","2017",2017,-3.43347213280478,0.0750298183797886
"514",41,"Red Junglefowl","2018",2018,-3.52573721678364,0.105181973053456
"515",41,"Red Junglefowl","2019",2019,-3.28969238455985,0.0723415086575181
"516",41,"Red Junglefowl","2020",2020,-3.47481715603686,0.0755456468792657
"517",41,"Red Junglefowl","2021",2021,-3.19598790314047,0.0951882243802293
"518",41,"Red Junglefowl","2022",2022,-3.11561101489362,0.102774199666818
"519",42,"Red Junglefowl","before 2000",1992,-3.36242003427225,0.116481393094759
"520",42,"Red Junglefowl","2000-2006",2003,-3.39963711822071,0.0711680765631062
"521",42,"Red Junglefowl","2007-2010",2009,-3.47367634436046,0.0716872527344246
"522",42,"Red Junglefowl","2011-2012",2012,-3.17978483192819,0.0715885026314155
"523",42,"Red Junglefowl","2013",2013,-3.14085102386959,0.0888506679333837
"524",42,"Red Junglefowl","2014",2014,-3.48145923044453,0.0755135944352019
"525",42,"Red Junglefowl","2015",2015,-3.42853724699141,0.0748066174449002
"526",42,"Red Junglefowl","2016",2016,-3.19165692587289,0.108800287659261
"527",42,"Red Junglefowl","2017",2017,-3.52832169183742,0.10157575508539
"528",42,"Red Junglefowl","2018",2018,-3.44572239663687,0.0906809819683226
"529",42,"Red Junglefowl","2019",2019,-3.11468415066095,0.104234496181644
"530",42,"Red Junglefowl","2020",2020,-3.2879222769127,0.0714452199535299
"531",42,"Red Junglefowl","2021",2021,-3.33988528478906,0.0830591482840708
"532",42,"Red Junglefowl","2022",2022,-3.67913790988513,0.0788334474346558
"533",43,"Red Junglefowl","before 2000",1992,-3.35753768562302,0.109353862365243
"534",43,"Red Junglefowl","2000-2006",2003,-3.19629936978043,0.0994851690100148
"535",43,"Red Junglefowl","2007-2010",2009,-3.28831391103628,0.0732153281777789
"536",43,"Red Junglefowl","2011-2012",2012,-3.43243264349834,0.0767958416154728
"537",43,"Red Junglefowl","2013",2013,-3.47895033970016,0.0762971370259268
"538",43,"Red Junglefowl","2014",2014,-3.47855998694996,0.0700725958395534
"539",43,"Red Junglefowl","2015",2015,-3.52006896357314,0.110656170932434
"540",43,"Red Junglefowl","2016",2016,-3.34347304748801,0.0838251596258668
"541",43,"Red Junglefowl","2017",2017,-3.44896753681807,0.0939100433159979
"542",43,"Red Junglefowl","2018",2018,-3.14443465219644,0.109751564657443
"543",43,"Red Junglefowl","2019",2019,-3.67643374380266,0.0790133702425719
"544",43,"Red Junglefowl","2020",2020,-3.11638025266033,0.107491711481561
"545",43,"Red Junglefowl","2021",2021,-3.18042420113694,0.0805182828372238
"546",43,"Red Junglefowl","2022",2022,-3.40268550127603,0.0724446612823403
"547",44,"Red Junglefowl","before 2000",1992,-3.36132888836516,0.103695351134228
"548",44,"Red Junglefowl","2000-2006",2003,-3.34558590098709,0.0886498918860615
"549",44,"Red Junglefowl","2007-2010",2009,-3.12111035462267,0.0968128044789864
"550",44,"Red Junglefowl","2011-2012",2012,-3.52294945582413,0.11873667120371
"551",44,"Red Junglefowl","2013",2013,-3.47954804976672,0.0738328174273208
"552",44,"Red Junglefowl","2014",2014,-3.29355150471881,0.0699614382870216
"553",44,"Red Junglefowl","2015",2015,-3.43443029408615,0.0941835174032383
"554",44,"Red Junglefowl","2016",2016,-3.18750370997284,0.0729695668969922
"555",44,"Red Junglefowl","2017",2017,-3.14507745394987,0.10332913108365
"556",44,"Red Junglefowl","2018",2018,-3.48197356684599,0.0744032598671019
"557",44,"Red Junglefowl","2019",2019,-3.40285380937655,0.0686872045303263
"558",44,"Red Junglefowl","2020",2020,-3.67932562006271,0.0790513144868445
"559",44,"Red Junglefowl","2021",2021,-3.43526875365908,0.07505811143527
"560",44,"Red Junglefowl","2022",2022,-3.1963710430421,0.101867086848176
"561",45,"Red Junglefowl","before 2000",1992,-3.36591107548974,0.109548974312732
"562",45,"Red Junglefowl","2000-2006",2003,-3.17565077592603,0.0722682361377056
"563",45,"Red Junglefowl","2007-2010",2009,-3.67226084001779,0.0725749965158345
"564",45,"Red Junglefowl","2011-2012",2012,-3.43847705621191,0.0932632858844836
"565",45,"Red Junglefowl","2013",2013,-3.28613157150937,0.0682012112143419
"566",45,"Red Junglefowl","2014",2014,-3.11864686464442,0.098990139323529
"567",45,"Red Junglefowl","2015",2015,-3.1297066276616,0.105063004357091
"568",45,"Red Junglefowl","2016",2016,-3.42918496867137,0.069808695184176
"569",45,"Red Junglefowl","2017",2017,-3.47661489941334,0.0711104064605248
"570",45,"Red Junglefowl","2018",2018,-3.47041667926618,0.070492238467461
"571",45,"Red Junglefowl","2019",2019,-3.18349972864719,0.0993495661666626
"572",45,"Red Junglefowl","2020",2020,-3.39429823913285,0.0689487673530826
"573",45,"Red Junglefowl","2021",2021,-3.5176713842024,0.109180533336981
"574",45,"Red Junglefowl","2022",2022,-3.33472130997501,0.0833097410747803
"575",46,"Red Junglefowl","before 2000",1992,-3.36382293533804,0.106685613851714
"576",46,"Red Junglefowl","2000-2006",2003,-3.43552772013376,0.0734293833418282
"577",46,"Red Junglefowl","2007-2010",2009,-3.40066938126414,0.0724238148084325
"578",46,"Red Junglefowl","2011-2012",2012,-3.14013812682873,0.107657648588736
"579",46,"Red Junglefowl","2013",2013,-3.11885778226984,0.111317946701941
"580",46,"Red Junglefowl","2014",2014,-3.68424054469688,0.0782442113837709
"581",46,"Red Junglefowl","2015",2015,-3.48349615547797,0.0723526516159952
"582",46,"Red Junglefowl","2016",2016,-3.53524233920756,0.108403597553313
"583",46,"Red Junglefowl","2017",2017,-3.47766051905057,0.0745847282526203
"584",46,"Red Junglefowl","2018",2018,-3.29029451279462,0.0733991049471793
"585",46,"Red Junglefowl","2019",2019,-3.35023070035379,0.0820659709154142
"586",46,"Red Junglefowl","2020",2020,-3.18988903804732,0.100726492304368
"587",46,"Red Junglefowl","2021",2021,-3.45392353648041,0.0917797565800337
"588",46,"Red Junglefowl","2022",2022,-3.17990563360116,0.0760577890869405
"589",47,"Red Junglefowl","before 2000",1992,-3.35376094947273,0.114380933066218
"590",47,"Red Junglefowl","2000-2006",2003,-3.51924869288193,0.109661976295717
"591",47,"Red Junglefowl","2007-2010",2009,-3.1861534555335,0.100738866028123
"592",47,"Red Junglefowl","2011-2012",2012,-3.4740286169276,0.0743163514391194
"593",47,"Red Junglefowl","2013",2013,-3.67081228144558,0.0741414965796818
"594",47,"Red Junglefowl","2014",2014,-3.39627803849016,0.0699348929678524
"595",47,"Red Junglefowl","2015",2015,-3.46889427424159,0.0706463701478213
"596",47,"Red Junglefowl","2016",2016,-3.43485924662362,0.0930533568077083
"597",47,"Red Junglefowl","2017",2017,-3.28385104944978,0.065901019665708
"598",47,"Red Junglefowl","2018",2018,-3.11005959044345,0.0952939366326401
"599",47,"Red Junglefowl","2019",2019,-3.17592027302341,0.0696925068964324
"600",47,"Red Junglefowl","2020",2020,-3.3393449745738,0.0886672585813404
"601",47,"Red Junglefowl","2021",2021,-3.11813813994021,0.0990875842145192
"602",47,"Red Junglefowl","2022",2022,-3.42221411693021,0.07509517631648
"603",48,"Red Junglefowl","before 2000",1992,-3.36554723076142,0.105864373521743
"604",48,"Red Junglefowl","2000-2006",2003,-3.43758578452946,0.0958510397489245
"605",48,"Red Junglefowl","2007-2010",2009,-3.34656037267831,0.0849736341092061
"606",48,"Red Junglefowl","2011-2012",2012,-3.47285602601892,0.0754746045038583
"607",48,"Red Junglefowl","2013",2013,-3.40222263992683,0.0743020145952182
"608",48,"Red Junglefowl","2014",2014,-3.18904555203064,0.097555620374699
"609",48,"Red Junglefowl","2015",2015,-3.28944557503212,0.0737817106504911
"610",48,"Red Junglefowl","2016",2016,-3.13001100250684,0.102387029299798
"611",48,"Red Junglefowl","2017",2017,-3.11310937959181,0.100444863941525
"612",48,"Red Junglefowl","2018",2018,-3.68333327701615,0.077374635020331
"613",48,"Red Junglefowl","2019",2019,-3.4352273261505,0.0764349624229446
"614",48,"Red Junglefowl","2020",2020,-3.18121358788585,0.0759835307135033
"615",48,"Red Junglefowl","2021",2021,-3.48013635796402,0.0720140072099387
"616",48,"Red Junglefowl","2022",2022,-3.53012559128412,0.0993812656633806
"617",49,"Red Junglefowl","before 2000",1992,-3.35081529836339,0.107572067451431
"618",49,"Red Junglefowl","2000-2006",2003,-3.14101591628583,0.105478045954143
"619",49,"Red Junglefowl","2007-2010",2009,-3.17780237466886,0.0789768919556595
"620",49,"Red Junglefowl","2011-2012",2012,-3.28486953847472,0.0730227458292028
"621",49,"Red Junglefowl","2013",2013,-3.19677063314672,0.0966134194168732
"622",49,"Red Junglefowl","2014",2014,-3.33815973814341,0.0859414477412386
"623",49,"Red Junglefowl","2015",2015,-3.11918650852318,0.105519270327192
"624",49,"Red Junglefowl","2016",2016,-3.4792411725447,0.0749738727216829
"625",49,"Red Junglefowl","2017",2017,-3.66489835743482,0.0833383321718348
"626",49,"Red Junglefowl","2018",2018,-3.39707156421542,0.0755917469000466
"627",49,"Red Junglefowl","2019",2019,-3.52443911114773,0.110643987338435
"628",49,"Red Junglefowl","2020",2020,-3.43007297072434,0.0756934814574625
"629",49,"Red Junglefowl","2021",2021,-3.46617919533014,0.0790327534747826
"630",49,"Red Junglefowl","2022",2022,-3.43935040589838,0.0936366173754584
"631",5,"Red Junglefowl","before 2000",1992,-3.37262727583887,0.112286130840072
"632",5,"Red Junglefowl","2000-2006",2003,-3.34703374976626,0.0873198520087242
"633",5,"Red Junglefowl","2007-2010",2009,-3.11848780388873,0.102504801655014
"634",5,"Red Junglefowl","2011-2012",2012,-3.55274936841823,0.108941671321957
"635",5,"Red Junglefowl","2013",2013,-3.47396352238733,0.0773075801595734
"636",5,"Red Junglefowl","2014",2014,-3.29513426982227,0.0701377402333397
"637",5,"Red Junglefowl","2015",2015,-3.45346483320362,0.0917447298555675
"638",5,"Red Junglefowl","2016",2016,-3.17721937348062,0.0718182905478925
"639",5,"Red Junglefowl","2017",2017,-3.1334932800747,0.0979904158485257
"640",5,"Red Junglefowl","2018",2018,-3.48107167607273,0.0717837437413539
"641",5,"Red Junglefowl","2019",2019,-3.39674747556929,0.0713178974498899
"642",5,"Red Junglefowl","2020",2020,-3.66635959893618,0.0780048811983375
"643",5,"Red Junglefowl","2021",2021,-3.43102951588298,0.073966898302169
"644",5,"Red Junglefowl","2022",2022,-3.18475556645502,0.0982557284832641
"645",50,"Red Junglefowl","before 2000",1992,-3.35237208639372,0.119838720721511
"646",50,"Red Junglefowl","2000-2006",2003,-3.47938507855467,0.075685618576858
"647",50,"Red Junglefowl","2007-2010",2009,-3.43165943526865,0.0812926637338462
"648",50,"Red Junglefowl","2011-2012",2012,-3.11814030576471,0.108427489873953
"649",50,"Red Junglefowl","2013",2013,-3.34164804815189,0.0866063290795177
"650",50,"Red Junglefowl","2014",2014,-3.18551491242193,0.0739327136285042
"651",50,"Red Junglefowl","2015",2015,-3.66782896970933,0.0903651265907158
"652",50,"Red Junglefowl","2016",2016,-3.47466938489778,0.0787359677683919
"653",50,"Red Junglefowl","2017",2017,-3.39934701381214,0.0785108457697751
"654",50,"Red Junglefowl","2018",2018,-3.18950551871138,0.107154225177852
"655",50,"Red Junglefowl","2019",2019,-3.4446281767414,0.0952855805770216
"656",50,"Red Junglefowl","2020",2020,-3.52845577291702,0.114480771712431
"657",50,"Red Junglefowl","2021",2021,-3.29221510649125,0.0728882460014372
"658",50,"Red Junglefowl","2022",2022,-3.14108888491658,0.0977790102138374
"659",51,"Red Junglefowl","before 2000",1992,-3.35611477936702,0.108068689996659
"660",51,"Red Junglefowl","2000-2006",2003,-3.46693936713728,0.0780535882411318
"661",51,"Red Junglefowl","2007-2010",2009,-3.51629259567043,0.108363662532073
"662",51,"Red Junglefowl","2011-2012",2012,-3.66774882831641,0.0790938312536604
"663",51,"Red Junglefowl","2013",2013,-3.17211172590841,0.0759937354315939
"664",51,"Red Junglefowl","2014",2014,-3.42216731550677,0.0753940669589971
"665",51,"Red Junglefowl","2015",2015,-3.39395748662661,0.071395762808331
"666",51,"Red Junglefowl","2016",2016,-3.28257499422779,0.0715547525206042
"667",51,"Red Junglefowl","2017",2017,-3.18546489451443,0.0992684355628245
"668",51,"Red Junglefowl","2018",2018,-3.33340921695271,0.0909159974268761
"669",51,"Red Junglefowl","2019",2019,-3.13373328809736,0.112038506084722
"670",51,"Red Junglefowl","2020",2020,-3.42826644971167,0.0918655534798962
"671",51,"Red Junglefowl","2021",2021,-3.11012138422865,0.104134976183267
"672",51,"Red Junglefowl","2022",2022,-3.47403008632542,0.0714742194218058
"673",52,"Red Junglefowl","before 2000",1992,-3.35406871736313,0.119746133925005
"674",52,"Red Junglefowl","2000-2006",2003,-3.28932675914574,0.0722751739530719
"675",52,"Red Junglefowl","2007-2010",2009,-3.44113131690426,0.0969785337527902
"676",52,"Red Junglefowl","2011-2012",2012,-3.39936933999884,0.0776061162516979
"677",52,"Red Junglefowl","2013",2013,-3.42997794434867,0.074754203581797
"678",52,"Red Junglefowl","2014",2014,-3.52027237693605,0.110121469952964
"679",52,"Red Junglefowl","2015",2015,-3.18775365981514,0.106751777493067
"680",52,"Red Junglefowl","2016",2016,-3.12169513662108,0.0989218858066664
"681",52,"Red Junglefowl","2017",2017,-3.34401677045963,0.0884188239682981
"682",52,"Red Junglefowl","2018",2018,-3.1780554008545,0.0815615539693871
"683",52,"Red Junglefowl","2019",2019,-3.47549292065874,0.0786492844571124
"684",52,"Red Junglefowl","2020",2020,-3.12980446377287,0.103517720420871
"685",52,"Red Junglefowl","2021",2021,-3.66849272227155,0.0902474528637298
"686",52,"Red Junglefowl","2022",2022,-3.47214164660434,0.0790133670846027
"687",53,"Red Junglefowl","before 2000",1992,-3.36269823149793,0.111361865821938
"688",53,"Red Junglefowl","2000-2006",2003,-3.13475168867889,0.101760061009412
"689",53,"Red Junglefowl","2007-2010",2009,-3.14777551194218,0.104618816471347
"690",53,"Red Junglefowl","2011-2012",2012,-3.20149821035546,0.102521583303517
"691",53,"Red Junglefowl","2013",2013,-3.53088049132344,0.110800256739289
"692",53,"Red Junglefowl","2014",2014,-3.44728204320851,0.0938324677317982
"693",53,"Red Junglefowl","2015",2015,-3.34878724751538,0.0907335019091234
"694",53,"Red Junglefowl","2016",2016,-3.68862183556662,0.080273350096553
"695",53,"Red Junglefowl","2017",2017,-3.19169873872028,0.0705869690756553
"696",53,"Red Junglefowl","2018",2018,-3.44204432881177,0.0739791981910752
"697",53,"Red Junglefowl","2019",2019,-3.48893762865061,0.0723666877115161
"698",53,"Red Junglefowl","2020",2020,-3.49217949100895,0.0729950369675204
"699",53,"Red Junglefowl","2021",2021,-3.40914496839261,0.0681110575343762
"700",53,"Red Junglefowl","2022",2022,-3.29896798245962,0.0721851608855051
"701",54,"Red Junglefowl","before 2000",1992,-3.36107922837295,0.114170231366555
"702",54,"Red Junglefowl","2000-2006",2003,-3.67282030233169,0.085123000599449
"703",54,"Red Junglefowl","2007-2010",2009,-3.48178177829862,0.0786912290139758
"704",54,"Red Junglefowl","2011-2012",2012,-3.3408968122816,0.083840036441683
"705",54,"Red Junglefowl","2013",2013,-3.44500663835098,0.0954301296946282
"706",54,"Red Junglefowl","2014",2014,-3.13239820644499,0.09970226835674
"707",54,"Red Junglefowl","2015",2015,-3.18438666668814,0.0722821366879586
"708",54,"Red Junglefowl","2016",2016,-3.40341070059289,0.0700682022859683
"709",54,"Red Junglefowl","2017",2017,-3.42998829016719,0.0756551517862839
"710",54,"Red Junglefowl","2018",2018,-3.51699436534124,0.115346700367577
"711",54,"Red Junglefowl","2019",2019,-3.29021607023251,0.0702457968187504
"712",54,"Red Junglefowl","2020",2020,-3.47419727523992,0.0777827722231638
"713",54,"Red Junglefowl","2021",2021,-3.18834494820238,0.103225329038227
"714",54,"Red Junglefowl","2022",2022,-3.10415279408149,0.105166389271911
"715",55,"Red Junglefowl","before 2000",1992,-3.36190397602591,0.103355673585618
"716",55,"Red Junglefowl","2000-2006",2003,-3.39794660976532,0.0809274753632273
"717",55,"Red Junglefowl","2007-2010",2009,-3.47167101716341,0.0879251286302138
"718",55,"Red Junglefowl","2011-2012",2012,-3.17856468871212,0.0768604216056904
"719",55,"Red Junglefowl","2013",2013,-3.13063846706212,0.104403869565057
"720",55,"Red Junglefowl","2014",2014,-3.4771174493523,0.0823972298234822
"721",55,"Red Junglefowl","2015",2015,-3.43197310896302,0.0811127173106654
"722",55,"Red Junglefowl","2016",2016,-3.18371911251754,0.111650126215458
"723",55,"Red Junglefowl","2017",2017,-3.52405474070529,0.108000897246496
"724",55,"Red Junglefowl","2018",2018,-3.43843630718238,0.10028882206398
"725",55,"Red Junglefowl","2019",2019,-3.11317862245239,0.106920217708603
"726",55,"Red Junglefowl","2020",2020,-3.28831126527442,0.0747425309282261
"727",55,"Red Junglefowl","2021",2021,-3.34048544420144,0.0873689512042315
"728",55,"Red Junglefowl","2022",2022,-3.67578508325002,0.09090169618388
"729",56,"Red Junglefowl","before 2000",1992,-3.36852232287737,0.110026859799702
"730",56,"Red Junglefowl","2000-2006",2003,-3.18919146596447,0.0978462203732509
"731",56,"Red Junglefowl","2007-2010",2009,-3.28761784419936,0.075022534756623
"732",56,"Red Junglefowl","2011-2012",2012,-3.4274166425489,0.0759954974510604
"733",56,"Red Junglefowl","2013",2013,-3.47849778692684,0.0739508868124137
"734",56,"Red Junglefowl","2014",2014,-3.47324543036306,0.0745096707376465
"735",56,"Red Junglefowl","2015",2015,-3.52313083078772,0.114094747902331
"736",56,"Red Junglefowl","2016",2016,-3.34492751079843,0.0841066173274818
"737",56,"Red Junglefowl","2017",2017,-3.44045452113176,0.0955006400493038
"738",56,"Red Junglefowl","2018",2018,-3.13718668328025,0.0901675110654651
"739",56,"Red Junglefowl","2019",2019,-3.67235440886976,0.0847731238256051
"740",56,"Red Junglefowl","2020",2020,-3.11582738338426,0.104422338502464
"741",56,"Red Junglefowl","2021",2021,-3.17745355712231,0.0744958348338495
"742",56,"Red Junglefowl","2022",2022,-3.39784736651422,0.0729885344873191
"743",57,"Red Junglefowl","before 2000",1992,-3.35276591066733,0.114918199289063
"744",57,"Red Junglefowl","2000-2006",2003,-3.34142535450662,0.0850704102962041
"745",57,"Red Junglefowl","2007-2010",2009,-3.11283412917932,0.0990114492277713
"746",57,"Red Junglefowl","2011-2012",2012,-3.52185273533199,0.110700864669001
"747",57,"Red Junglefowl","2013",2013,-3.46592978356814,0.0777207158070091
"748",57,"Red Junglefowl","2014",2014,-3.28447221757302,0.0710076563677641
"749",57,"Red Junglefowl","2015",2015,-3.43792865691898,0.0972193218075031
"750",57,"Red Junglefowl","2016",2016,-3.17731765760536,0.0701198874124239
"751",57,"Red Junglefowl","2017",2017,-3.13351760456341,0.09693453412721
"752",57,"Red Junglefowl","2018",2018,-3.47392616364274,0.0736413312476754
"753",57,"Red Junglefowl","2019",2019,-3.39406735678377,0.0715691310818196
"754",57,"Red Junglefowl","2020",2020,-3.668260817544,0.0758843249109379
"755",57,"Red Junglefowl","2021",2021,-3.42919246858085,0.0748451438490756
"756",57,"Red Junglefowl","2022",2022,-3.18519221249684,0.101676305165898
"757",58,"Red Junglefowl","before 2000",1992,-3.36637978378631,0.110330947095319
"758",58,"Red Junglefowl","2000-2006",2003,-3.17980533064156,0.0787092200227542
"759",58,"Red Junglefowl","2007-2010",2009,-3.67524183503033,0.0862300098886229
"760",58,"Red Junglefowl","2011-2012",2012,-3.43742273659433,0.0997431472858167
"761",58,"Red Junglefowl","2013",2013,-3.28470147665874,0.0751743843681347
"762",58,"Red Junglefowl","2014",2014,-3.12327740424233,0.103040762634613
"763",58,"Red Junglefowl","2015",2015,-3.13870535950819,0.106577295646309
"764",58,"Red Junglefowl","2016",2016,-3.43183384920436,0.074914237677818
"765",58,"Red Junglefowl","2017",2017,-3.47970257127069,0.0748380799931715
"766",58,"Red Junglefowl","2018",2018,-3.47177360925107,0.0798651391641656
"767",58,"Red Junglefowl","2019",2019,-3.18854171363975,0.110275205794103
"768",58,"Red Junglefowl","2020",2020,-3.39893404698904,0.0743888214390571
"769",58,"Red Junglefowl","2021",2021,-3.51638249406717,0.115685598079607
"770",58,"Red Junglefowl","2022",2022,-3.33479183613827,0.0974890592142266
"771",59,"Red Junglefowl","before 2000",1992,-3.36433439803305,0.113259236148184
"772",59,"Red Junglefowl","2000-2006",2003,-3.42624713338916,0.0753688722434759
"773",59,"Red Junglefowl","2007-2010",2009,-3.39855271191946,0.0726827689769758
"774",59,"Red Junglefowl","2011-2012",2012,-3.13874198658484,0.109981139542463
"775",59,"Red Junglefowl","2013",2013,-3.11015501451255,0.101500952648287
"776",59,"Red Junglefowl","2014",2014,-3.67538352877894,0.0792152168821869
"777",59,"Red Junglefowl","2015",2015,-3.47595814431305,0.0755101780609287
"778",59,"Red Junglefowl","2016",2016,-3.52227363658823,0.110620623056918
"779",59,"Red Junglefowl","2017",2017,-3.47027313341807,0.0784985697237497
"780",59,"Red Junglefowl","2018",2018,-3.28517737856452,0.0735278332773913
"781",59,"Red Junglefowl","2019",2019,-3.34025968664081,0.0864202203313701
"782",59,"Red Junglefowl","2020",2020,-3.18724468433195,0.107080824530476
"783",59,"Red Junglefowl","2021",2021,-3.43871634855231,0.100023293649247
"784",59,"Red Junglefowl","2022",2022,-3.17671178992548,0.0749586510625676
"785",6,"Red Junglefowl","before 2000",1992,-3.36561766663475,0.106219836701245
"786",6,"Red Junglefowl","2000-2006",2003,-3.18258840704004,0.0742952947374197
"787",6,"Red Junglefowl","2007-2010",2009,-3.6721052718762,0.0802595501943439
"788",6,"Red Junglefowl","2011-2012",2012,-3.44208524306862,0.087985378159978
"789",6,"Red Junglefowl","2013",2013,-3.28894445547402,0.0710174783919547
"790",6,"Red Junglefowl","2014",2014,-3.11784070369196,0.100427473856843
"791",6,"Red Junglefowl","2015",2015,-3.12881985390173,0.104262650469412
"792",6,"Red Junglefowl","2016",2016,-3.43427566070786,0.0732660589884877
"793",6,"Red Junglefowl","2017",2017,-3.47930974994494,0.0739962131275755
"794",6,"Red Junglefowl","2018",2018,-3.47776203854137,0.0761760010617614
"795",6,"Red Junglefowl","2019",2019,-3.19803792982503,0.0946729449971613
"796",6,"Red Junglefowl","2020",2020,-3.40089207796252,0.0700895023804264
"797",6,"Red Junglefowl","2021",2021,-3.53301398118748,0.113164520536371
"798",6,"Red Junglefowl","2022",2022,-3.34221819131266,0.0860043779402668
"799",60,"Red Junglefowl","before 2000",1992,-3.35921659410142,0.110401537753406
"800",60,"Red Junglefowl","2000-2006",2003,-3.51887433327306,0.105806139845516
"801",60,"Red Junglefowl","2007-2010",2009,-3.19080377365911,0.104880739320497
"802",60,"Red Junglefowl","2011-2012",2012,-3.47789229214874,0.0735760112136267
"803",60,"Red Junglefowl","2013",2013,-3.67339048945089,0.0862984846721935
"804",60,"Red Junglefowl","2014",2014,-3.40402224054698,0.0709980164511329
"805",60,"Red Junglefowl","2015",2015,-3.47393676446301,0.0797303830690831
"806",60,"Red Junglefowl","2016",2016,-3.44425643711257,0.0880418736253669
"807",60,"Red Junglefowl","2017",2017,-3.28977365715025,0.0731584922861092
"808",60,"Red Junglefowl","2018",2018,-3.11891103924159,0.104074286429478
"809",60,"Red Junglefowl","2019",2019,-3.18408437561285,0.0707339528567383
"810",60,"Red Junglefowl","2020",2020,-3.34681977489647,0.0827180353468182
"811",60,"Red Junglefowl","2021",2021,-3.1414206879057,0.100846099962793
"812",60,"Red Junglefowl","2022",2022,-3.43083758668195,0.0728865905215982
"813",61,"Red Junglefowl","before 2000",1992,-3.36059418243507,0.103941512726364
"814",61,"Red Junglefowl","2000-2006",2003,-3.44274478975083,0.10107897688834
"815",61,"Red Junglefowl","2007-2010",2009,-3.33797936213406,0.0897170472419362
"816",61,"Red Junglefowl","2011-2012",2012,-3.4726862461564,0.0807860166160979
"817",61,"Red Junglefowl","2013",2013,-3.40032239004704,0.0715599085921157
"818",61,"Red Junglefowl","2014",2014,-3.19505171812827,0.100642589877988
"819",61,"Red Junglefowl","2015",2015,-3.28458973247642,0.0775368164655988
"820",61,"Red Junglefowl","2016",2016,-3.13755151597742,0.105503916848887
"821",61,"Red Junglefowl","2017",2017,-3.11634623710933,0.104297633079547
"822",61,"Red Junglefowl","2018",2018,-3.67440280483598,0.0831174678338187
"823",61,"Red Junglefowl","2019",2019,-3.42715382708328,0.0797446363217584
"824",61,"Red Junglefowl","2020",2020,-3.17932141484089,0.076828155885414
"825",61,"Red Junglefowl","2021",2021,-3.47896692534693,0.0759049109457419
"826",61,"Red Junglefowl","2022",2022,-3.52437040943651,0.116137129805259
"827",62,"Red Junglefowl","before 2000",1992,-3.36559459306114,0.101721514966204
"828",62,"Red Junglefowl","2000-2006",2003,-3.13502193714045,0.102072114906145
"829",62,"Red Junglefowl","2007-2010",2009,-3.1799624740416,0.0757335483200876
"830",62,"Red Junglefowl","2011-2012",2012,-3.28646355903286,0.073789369656853
"831",62,"Red Junglefowl","2013",2013,-3.19192952774306,0.0989611574007458
"832",62,"Red Junglefowl","2014",2014,-3.34013666578236,0.0847518734556491
"833",62,"Red Junglefowl","2015",2015,-3.11836283490965,0.113327284378066
"834",62,"Red Junglefowl","2016",2016,-3.47585453630003,0.0788347686307305
"835",62,"Red Junglefowl","2017",2017,-3.67466941983197,0.0786939712122898
"836",62,"Red Junglefowl","2018",2018,-3.39476637280094,0.0741819471743198
"837",62,"Red Junglefowl","2019",2019,-3.52551344587073,0.113322597364138
"838",62,"Red Junglefowl","2020",2020,-3.43079466756538,0.0723639631825433
"839",62,"Red Junglefowl","2021",2021,-3.47196896462055,0.0742861970653975
"840",62,"Red Junglefowl","2022",2022,-3.44458521148685,0.0842008513687402
"841",63,"Red Junglefowl","before 2000",1992,-3.35516387950566,0.110174009070978
"842",63,"Red Junglefowl","2000-2006",2003,-3.47822049231781,0.0719276671118096
"843",63,"Red Junglefowl","2007-2010",2009,-3.42620386624757,0.0734385414940669
"844",63,"Red Junglefowl","2011-2012",2012,-3.11653784230754,0.0969435678367858
"845",63,"Red Junglefowl","2013",2013,-3.33935039844128,0.0888370466939662
"846",63,"Red Junglefowl","2014",2014,-3.17937324114041,0.0685972088188687
"847",63,"Red Junglefowl","2015",2015,-3.67202739671779,0.0832664251418749
"848",63,"Red Junglefowl","2016",2016,-3.47312738656187,0.0728669219783676
"849",63,"Red Junglefowl","2017",2017,-3.39512263057825,0.072628285916148
"850",63,"Red Junglefowl","2018",2018,-3.18094311484186,0.10167654163322
"851",63,"Red Junglefowl","2019",2019,-3.43978506963493,0.0964008123179212
"852",63,"Red Junglefowl","2020",2020,-3.52235784702123,0.110972596089877
"853",63,"Red Junglefowl","2021",2021,-3.28521867383137,0.0737890030178788
"854",63,"Red Junglefowl","2022",2022,-3.14188998408233,0.0993975779568278
"855",64,"Red Junglefowl","before 2000",1992,-3.35167784185545,0.118738575154288
"856",64,"Red Junglefowl","2000-2006",2003,-3.46907711176592,0.0766891412311825
"857",64,"Red Junglefowl","2007-2010",2009,-3.52394628357787,0.112955833692054
"858",64,"Red Junglefowl","2011-2012",2012,-3.67562008440997,0.0804577907596322
"859",64,"Red Junglefowl","2013",2013,-3.17920781923695,0.071946499525247
"860",64,"Red Junglefowl","2014",2014,-3.42637149542624,0.0777123408035999
"861",64,"Red Junglefowl","2015",2015,-3.39944731661452,0.0764861356716369
"862",64,"Red Junglefowl","2016",2016,-3.28448161148689,0.0735198817339414
"863",64,"Red Junglefowl","2017",2017,-3.18621007155698,0.109507053986461
"864",64,"Red Junglefowl","2018",2018,-3.3368028899275,0.0870509910970729
"865",64,"Red Junglefowl","2019",2019,-3.1333486684045,0.108595006085308
"866",64,"Red Junglefowl","2020",2020,-3.44330500315364,0.0931193075736541
"867",64,"Red Junglefowl","2021",2021,-3.12333408840269,0.104386539347693
"868",64,"Red Junglefowl","2022",2022,-3.47575926150744,0.0780732785454703
"869",65,"Red Junglefowl","before 2000",1992,-3.36625689798126,0.105781176798176
"870",65,"Red Junglefowl","2000-2006",2003,-3.29467297088478,0.0728554664230491
"871",65,"Red Junglefowl","2007-2010",2009,-3.44452062859377,0.0940760729351828
"872",65,"Red Junglefowl","2011-2012",2012,-3.40503582692928,0.0713572982228784
"873",65,"Red Junglefowl","2013",2013,-3.43814317340909,0.0751862146974634
"874",65,"Red Junglefowl","2014",2014,-3.52365912764958,0.116850177372338
"875",65,"Red Junglefowl","2015",2015,-3.19349569402838,0.105840637393544
"876",65,"Red Junglefowl","2016",2016,-3.12980920801606,0.101968789497911
"877",65,"Red Junglefowl","2017",2017,-3.3417692157027,0.0903894618094211
"878",65,"Red Junglefowl","2018",2018,-3.19022163196967,0.0711775913997691
"879",65,"Red Junglefowl","2019",2019,-3.48348885690237,0.0760096962275879
"880",65,"Red Junglefowl","2020",2020,-3.14127113830589,0.103711135984018
"881",65,"Red Junglefowl","2021",2021,-3.67409718939766,0.0850349486520053
"882",65,"Red Junglefowl","2022",2022,-3.48015799017498,0.0726773535078222
"883",66,"Red Junglefowl","before 2000",1992,-3.35902625780527,0.112266538869028
"884",66,"Red Junglefowl","2000-2006",2003,-3.11880063823111,0.0955610904734088
"885",66,"Red Junglefowl","2007-2010",2009,-3.14536054529578,0.103252301544927
"886",66,"Red Junglefowl","2011-2012",2012,-3.18723977193738,0.101269745111587
"887",66,"Red Junglefowl","2013",2013,-3.52340908609556,0.112527666872793
"888",66,"Red Junglefowl","2014",2014,-3.43598418813295,0.093943651725139
"889",66,"Red Junglefowl","2015",2015,-3.34562401616419,0.081430761025404
"890",66,"Red Junglefowl","2016",2016,-3.67911455128372,0.0764930382315178
"891",66,"Red Junglefowl","2017",2017,-3.18163038413468,0.0701060177919208
"892",66,"Red Junglefowl","2018",2018,-3.43542967934564,0.0708626081749674
"893",66,"Red Junglefowl","2019",2019,-3.47529740916359,0.0757675628413621
"894",66,"Red Junglefowl","2020",2020,-3.48056742820949,0.0759940290422872
"895",66,"Red Junglefowl","2021",2021,-3.40449059397229,0.0669958292522861
"896",66,"Red Junglefowl","2022",2022,-3.28831244589782,0.0686220694899335
"897",67,"Red Junglefowl","before 2000",1992,-3.35884159045679,0.116409533387737
"898",67,"Red Junglefowl","2000-2006",2003,-3.67050954874393,0.086149897260924
"899",67,"Red Junglefowl","2007-2010",2009,-3.47976040998427,0.0768843045710172
"900",67,"Red Junglefowl","2011-2012",2012,-3.33855533995388,0.088536278536411
"901",67,"Red Junglefowl","2013",2013,-3.43637527179626,0.0943122636926234
"902",67,"Red Junglefowl","2014",2014,-3.14006471785529,0.104285893375467
"903",67,"Red Junglefowl","2015",2015,-3.17975111162362,0.0770573263518189
"904",67,"Red Junglefowl","2016",2016,-3.39572673568965,0.0777767649156219
"905",67,"Red Junglefowl","2017",2017,-3.42635372260642,0.0828061530712425
"906",67,"Red Junglefowl","2018",2018,-3.52218906841659,0.103944742165031
"907",67,"Red Junglefowl","2019",2019,-3.28565152819884,0.0762982279585224
"908",67,"Red Junglefowl","2020",2020,-3.47054611447285,0.0780874604694094
"909",67,"Red Junglefowl","2021",2021,-3.18192086300725,0.108934861180851
"910",67,"Red Junglefowl","2022",2022,-3.12036133272798,0.102071440698158
"911",68,"Red Junglefowl","before 2000",1992,-3.36083578631573,0.108183083330109
"912",68,"Red Junglefowl","2000-2006",2003,-3.4015742309335,0.0711918949505258
"913",68,"Red Junglefowl","2007-2010",2009,-3.47236684723965,0.0785606219632962
"914",68,"Red Junglefowl","2011-2012",2012,-3.18107884687248,0.0710377190013274
"915",68,"Red Junglefowl","2013",2013,-3.13924954957942,0.100200953704034
"916",68,"Red Junglefowl","2014",2014,-3.47872077372245,0.0731576366507972
"917",68,"Red Junglefowl","2015",2015,-3.43227989434713,0.0735595687897269
"918",68,"Red Junglefowl","2016",2016,-3.18391432896963,0.101695728041331
"919",68,"Red Junglefowl","2017",2017,-3.52313869968276,0.104809808102231
"920",68,"Red Junglefowl","2018",2018,-3.44156749978022,0.0979304523562627
"921",68,"Red Junglefowl","2019",2019,-3.1159073059468,0.108165768414811
"922",68,"Red Junglefowl","2020",2020,-3.28997712655259,0.0725417838567165
"923",68,"Red Junglefowl","2021",2021,-3.33689718709269,0.0889969938776218
"924",68,"Red Junglefowl","2022",2022,-3.67511630409799,0.0806141849467534
"925",69,"Red Junglefowl","before 2000",1992,-3.35428191373371,0.105713011680555
"926",69,"Red Junglefowl","2000-2006",2003,-3.18986780104635,0.111912527579477
"927",69,"Red Junglefowl","2007-2010",2009,-3.28791747069992,0.0730145803738581
"928",69,"Red Junglefowl","2011-2012",2012,-3.43246642789152,0.0762108550002605
"929",69,"Red Junglefowl","2013",2013,-3.47788347527974,0.0810916377785498
"930",69,"Red Junglefowl","2014",2014,-3.47228786836302,0.0758754790668603
"931",69,"Red Junglefowl","2015",2015,-3.53110287267622,0.101332470270463
"932",69,"Red Junglefowl","2016",2016,-3.33743642693169,0.0883572408428246
"933",69,"Red Junglefowl","2017",2017,-3.44190278612905,0.0971588201217283
"934",69,"Red Junglefowl","2018",2018,-3.1390308655633,0.101720900584381
"935",69,"Red Junglefowl","2019",2019,-3.67243213386415,0.0782456329836276
"936",69,"Red Junglefowl","2020",2020,-3.13095563049916,0.0986799062300616
"937",69,"Red Junglefowl","2021",2021,-3.18049047888181,0.0759478779668964
"938",69,"Red Junglefowl","2022",2022,-3.3999743346633,0.0755789710136968
"939",7,"Red Junglefowl","before 2000",1992,-3.3705504890379,0.115170337487949
"940",7,"Red Junglefowl","2000-2006",2003,-3.43333530758798,0.0820804302487451
"941",7,"Red Junglefowl","2007-2010",2009,-3.40460930027569,0.0737974994377667
"942",7,"Red Junglefowl","2011-2012",2012,-3.1499402626103,0.102561229410008
"943",7,"Red Junglefowl","2013",2013,-3.12243728133757,0.108890028886308
"944",7,"Red Junglefowl","2014",2014,-3.67827203117004,0.0805873671817146
"945",7,"Red Junglefowl","2015",2015,-3.4869362791932,0.0789028657339422
"946",7,"Red Junglefowl","2016",2016,-3.53174040964989,0.117726964919009
"947",7,"Red Junglefowl","2017",2017,-3.48140718193276,0.0804850047845276
"948",7,"Red Junglefowl","2018",2018,-3.29381710590105,0.0739904058632834
"949",7,"Red Junglefowl","2019",2019,-3.34858091197436,0.0877721329046972
"950",7,"Red Junglefowl","2020",2020,-3.18698175609508,0.101202004113504
"951",7,"Red Junglefowl","2021",2021,-3.44914715202983,0.0962312804904389
"952",7,"Red Junglefowl","2022",2022,-3.18687405431741,0.0750727507423892
"953",70,"Red Junglefowl","before 2000",1992,-3.35706687795289,0.10823613240672
"954",70,"Red Junglefowl","2000-2006",2003,-3.34242796841371,0.0834037521662996
"955",70,"Red Junglefowl","2007-2010",2009,-3.11700850152469,0.101618822510124
"956",70,"Red Junglefowl","2011-2012",2012,-3.52068561427167,0.105997717779187
"957",70,"Red Junglefowl","2013",2013,-3.47209966298342,0.071212936567845
"958",70,"Red Junglefowl","2014",2014,-3.28938381893077,0.0706958921487089
"959",70,"Red Junglefowl","2015",2015,-3.44763269719572,0.0890493387053678
"960",70,"Red Junglefowl","2016",2016,-3.17959676909441,0.0725117766095307
"961",70,"Red Junglefowl","2017",2017,-3.13866736397527,0.100005034312802
"962",70,"Red Junglefowl","2018",2018,-3.48124554830614,0.0716680419270881
"963",70,"Red Junglefowl","2019",2019,-3.39877418828012,0.0718129156762042
"964",70,"Red Junglefowl","2020",2020,-3.67546871939455,0.086280343090285
"965",70,"Red Junglefowl","2021",2021,-3.43473530667993,0.0735387962652854
"966",70,"Red Junglefowl","2022",2022,-3.18893543861438,0.0974475111951372
"967",71,"Red Junglefowl","before 2000",1992,-3.36296349185639,0.116599888753936
"968",71,"Red Junglefowl","2000-2006",2003,-3.18525664609175,0.0744474359205802
"969",71,"Red Junglefowl","2007-2010",2009,-3.67837440269612,0.0814653317161909
"970",71,"Red Junglefowl","2011-2012",2012,-3.44291486997941,0.0952750815060263
"971",71,"Red Junglefowl","2013",2013,-3.29198153396643,0.0719963855135766
"972",71,"Red Junglefowl","2014",2014,-3.11330777005139,0.108430306223956
"973",71,"Red Junglefowl","2015",2015,-3.13722250869332,0.105429427728126
"974",71,"Red Junglefowl","2016",2016,-3.43138223174049,0.0778201661599255
"975",71,"Red Junglefowl","2017",2017,-3.48324183078631,0.0704804528618383
"976",71,"Red Junglefowl","2018",2018,-3.47461032619065,0.0824596484322386
"977",71,"Red Junglefowl","2019",2019,-3.20079158754858,0.103525404178494
"978",71,"Red Junglefowl","2020",2020,-3.40335289106163,0.074818205302312
"979",71,"Red Junglefowl","2021",2021,-3.5326560619069,0.111809861108686
"980",71,"Red Junglefowl","2022",2022,-3.34577925080587,0.08684319102608
"981",72,"Red Junglefowl","before 2000",1992,-3.36867759506422,0.108597830576858
"982",72,"Red Junglefowl","2000-2006",2003,-3.43078402799123,0.0796626265639691
"983",72,"Red Junglefowl","2007-2010",2009,-3.39961815071447,0.0804688814939041
"984",72,"Red Junglefowl","2011-2012",2012,-3.14657004268724,0.100140790817217
"985",72,"Red Junglefowl","2013",2013,-3.11891994146239,0.0996213307195114
"986",72,"Red Junglefowl","2014",2014,-3.67526576126506,0.082264608510055
"987",72,"Red Junglefowl","2015",2015,-3.47555225306891,0.0809274084032531
"988",72,"Red Junglefowl","2016",2016,-3.52391244126414,0.108757197305478
"989",72,"Red Junglefowl","2017",2017,-3.47286860516676,0.0787690929856643
"990",72,"Red Junglefowl","2018",2018,-3.28916452763129,0.0761384769512286
"991",72,"Red Junglefowl","2019",2019,-3.341096341927,0.0883760833716231
"992",72,"Red Junglefowl","2020",2020,-3.18366045562635,0.106773213404617
"993",72,"Red Junglefowl","2021",2021,-3.44220871946261,0.096947279738632
"994",72,"Red Junglefowl","2022",2022,-3.18131246477041,0.0803763214165213
"995",73,"Red Junglefowl","before 2000",1992,-3.36635441022514,0.10612287615396
"996",73,"Red Junglefowl","2000-2006",2003,-3.53639112008445,0.101400008968741
"997",73,"Red Junglefowl","2007-2010",2009,-3.19833021981871,0.0992064892744644
"998",73,"Red Junglefowl","2011-2012",2012,-3.48316707783767,0.0715592828526461
"999",73,"Red Junglefowl","2013",2013,-3.68528621178672,0.0796866626032108
"1000",73,"Red Junglefowl","2014",2014,-3.4064979596662,0.0734755873105106
"1001",73,"Red Junglefowl","2015",2015,-3.47847406482849,0.074706390289802
"1002",73,"Red Junglefowl","2016",2016,-3.44913694842256,0.0961820981606955
"1003",73,"Red Junglefowl","2017",2017,-3.29601945538651,0.0709219527348965
"1004",73,"Red Junglefowl","2018",2018,-3.12657259747924,0.10133602980021
"1005",73,"Red Junglefowl","2019",2019,-3.18851012457464,0.071684282502916
"1006",73,"Red Junglefowl","2020",2020,-3.35206822332167,0.0867173740378414
"1007",73,"Red Junglefowl","2021",2021,-3.14525404158987,0.107886707487125
"1008",73,"Red Junglefowl","2022",2022,-3.43790494212036,0.0737970372189916
"1009",74,"Red Junglefowl","before 2000",1992,-3.36017543648932,0.113174393162736
"1010",74,"Red Junglefowl","2000-2006",2003,-3.44955288201257,0.0893887085340205
"1011",74,"Red Junglefowl","2007-2010",2009,-3.34115624934347,0.0874173989748835
"1012",74,"Red Junglefowl","2011-2012",2012,-3.47574298954961,0.072893487140447
"1013",74,"Red Junglefowl","2013",2013,-3.40356403471257,0.070496372329743
"1014",74,"Red Junglefowl","2014",2014,-3.19189128337041,0.108540084365717
"1015",74,"Red Junglefowl","2015",2015,-3.29104750939984,0.0711587926637435
"1016",74,"Red Junglefowl","2016",2016,-3.14292544189536,0.107848190926358
"1017",74,"Red Junglefowl","2017",2017,-3.12725691589406,0.0985042862119783
"1018",74,"Red Junglefowl","2018",2018,-3.6781788537193,0.0775859486888176
"1019",74,"Red Junglefowl","2019",2019,-3.43492586923276,0.0726509222278968
"1020",74,"Red Junglefowl","2020",2020,-3.18562711552866,0.0725969504238178
"1021",74,"Red Junglefowl","2021",2021,-3.48085235464068,0.0721343321269717
"1022",74,"Red Junglefowl","2022",2022,-3.51790145486987,0.115647270578198
"1023",75,"Red Junglefowl","before 2000",1992,-3.35410544868939,0.115029335689744
"1024",75,"Red Junglefowl","2000-2006",2003,-3.13935234327698,0.104316138546569
"1025",75,"Red Junglefowl","2007-2010",2009,-3.1816526218612,0.0700660791120576
"1026",75,"Red Junglefowl","2011-2012",2012,-3.28466654591256,0.0721343364830697
"1027",75,"Red Junglefowl","2013",2013,-3.19125256722972,0.0995666230403807
"1028",75,"Red Junglefowl","2014",2014,-3.3381261323764,0.091191674617075
"1029",75,"Red Junglefowl","2015",2015,-3.11413540319859,0.113931671431302
"1030",75,"Red Junglefowl","2016",2016,-3.47665505542644,0.0765501818116844
"1031",75,"Red Junglefowl","2017",2017,-3.67317800505643,0.0867165280427784
"1032",75,"Red Junglefowl","2018",2018,-3.3954206615429,0.072408042996158
"1033",75,"Red Junglefowl","2019",2019,-3.52443579400078,0.106774947626342
"1034",75,"Red Junglefowl","2020",2020,-3.43141619716004,0.0743029552838643
"1035",75,"Red Junglefowl","2021",2021,-3.46704399536122,0.0784048107090581
"1036",75,"Red Junglefowl","2022",2022,-3.43543243010749,0.0902323123169206
"1037",76,"Red Junglefowl","before 2000",1992,-3.36133177457593,0.10979402896938
"1038",76,"Red Junglefowl","2000-2006",2003,-3.4795976427728,0.0722700612140781
"1039",76,"Red Junglefowl","2007-2010",2009,-3.42908106040705,0.0758599250209814
"1040",76,"Red Junglefowl","2011-2012",2012,-3.11320177270256,0.0990713730240859
"1041",76,"Red Junglefowl","2013",2013,-3.33961871428317,0.0823484710109493
"1042",76,"Red Junglefowl","2014",2014,-3.17860649293698,0.0697219317079925
"1043",76,"Red Junglefowl","2015",2015,-3.67104023730673,0.0808257860762944
"1044",76,"Red Junglefowl","2016",2016,-3.47308248686691,0.0714454543270093
"1045",76,"Red Junglefowl","2017",2017,-3.39869364744398,0.0697747192962297
"1046",76,"Red Junglefowl","2018",2018,-3.18554288769397,0.102058013355477
"1047",76,"Red Junglefowl","2019",2019,-3.43295603807654,0.0959274859844972
"1048",76,"Red Junglefowl","2020",2020,-3.51294041504176,0.112565833178669
"1049",76,"Red Junglefowl","2021",2021,-3.28634431852526,0.0693828514433854
"1050",76,"Red Junglefowl","2022",2022,-3.13231164556369,0.107391612300092
"1051",77,"Red Junglefowl","before 2000",1992,-3.36148957870519,0.101108296571075
"1052",77,"Red Junglefowl","2000-2006",2003,-3.4727202264114,0.0728224700614215
"1053",77,"Red Junglefowl","2007-2010",2009,-3.52559277876577,0.109385928175899
"1054",77,"Red Junglefowl","2011-2012",2012,-3.67212302457737,0.0745766186551885
"1055",77,"Red Junglefowl","2013",2013,-3.18061965310909,0.0713919082065213
"1056",77,"Red Junglefowl","2014",2014,-3.43233928721461,0.0707907993051295
"1057",77,"Red Junglefowl","2015",2015,-3.40417444749863,0.0703555525368798
"1058",77,"Red Junglefowl","2016",2016,-3.29007877556371,0.0663447236524353
"1059",77,"Red Junglefowl","2017",2017,-3.19600809933086,0.106151298743573
"1060",77,"Red Junglefowl","2018",2018,-3.33570801127588,0.0893746768969049
"1061",77,"Red Junglefowl","2019",2019,-3.14312931931529,0.101539050314228
"1062",77,"Red Junglefowl","2020",2020,-3.44560309326318,0.0908344116733455
"1063",77,"Red Junglefowl","2021",2021,-3.11636174695953,0.0990101988782702
"1064",77,"Red Junglefowl","2022",2022,-3.47819096318269,0.0718013447345386
"1065",78,"Red Junglefowl","before 2000",1992,-3.36278745036862,0.110315496784168
"1066",78,"Red Junglefowl","2000-2006",2003,-3.28740521447372,0.0698894679345504
"1067",78,"Red Junglefowl","2007-2010",2009,-3.44274686840616,0.0927963637520407
"1068",78,"Red Junglefowl","2011-2012",2012,-3.40045401779049,0.0662273285635624
"1069",78,"Red Junglefowl","2013",2013,-3.42999886209788,0.0746880629268784
"1070",78,"Red Junglefowl","2014",2014,-3.52976214235229,0.112438867459245
"1071",78,"Red Junglefowl","2015",2015,-3.18511464295589,0.106633702042159
"1072",78,"Red Junglefowl","2016",2016,-3.11501152776988,0.100237945645487
"1073",78,"Red Junglefowl","2017",2017,-3.34018375129364,0.0863967532892082
"1074",78,"Red Junglefowl","2018",2018,-3.17997072239289,0.0723071653987777
"1075",78,"Red Junglefowl","2019",2019,-3.48053661937112,0.0691880441725419
"1076",78,"Red Junglefowl","2020",2020,-3.13982861171698,0.101596412978331
"1077",78,"Red Junglefowl","2021",2021,-3.67455298046217,0.0809743022613626
"1078",78,"Red Junglefowl","2022",2022,-3.47428281912464,0.0719629918842624
"1079",79,"Red Junglefowl","before 2000",1992,-3.35859754625077,0.110979372778716
"1080",79,"Red Junglefowl","2000-2006",2003,-3.11368487494399,0.108543610302136
"1081",79,"Red Junglefowl","2007-2010",2009,-3.14281291346501,0.107608125931825
"1082",79,"Red Junglefowl","2011-2012",2012,-3.18268581057316,0.0987841747091427
"1083",79,"Red Junglefowl","2013",2013,-3.51917995106734,0.110949985818937
"1084",79,"Red Junglefowl","2014",2014,-3.44437479558509,0.0958532346155485
"1085",79,"Red Junglefowl","2015",2015,-3.33894991983339,0.0858044249402713
"1086",79,"Red Junglefowl","2016",2016,-3.6715473937705,0.0852346760848283
"1087",79,"Red Junglefowl","2017",2017,-3.17948004509506,0.0781753927038424
"1088",79,"Red Junglefowl","2018",2018,-3.42969514475697,0.0768306645576873
"1089",79,"Red Junglefowl","2019",2019,-3.47714113685492,0.0760478338164935
"1090",79,"Red Junglefowl","2020",2020,-3.47521157819292,0.0773337907256167
"1091",79,"Red Junglefowl","2021",2021,-3.39824887801432,0.0737937602727946
"1092",79,"Red Junglefowl","2022",2022,-3.28555289874789,0.074048004090714
"1093",8,"Red Junglefowl","before 2000",1992,-3.36473100571751,0.102866754763581
"1094",8,"Red Junglefowl","2000-2006",2003,-3.52100863684418,0.108189792874245
"1095",8,"Red Junglefowl","2007-2010",2009,-3.19775686541606,0.0959952097661384
"1096",8,"Red Junglefowl","2011-2012",2012,-3.47266873903512,0.074137335636667
"1097",8,"Red Junglefowl","2013",2013,-3.68069125979126,0.0770255774521519
"1098",8,"Red Junglefowl","2014",2014,-3.39727499149867,0.0703747445768588
"1099",8,"Red Junglefowl","2015",2015,-3.4742921315773,0.0731228278534043
"1100",8,"Red Junglefowl","2016",2016,-3.44052072328306,0.0928875292385702
"1101",8,"Red Junglefowl","2017",2017,-3.28449835573106,0.0740337275794918
"1102",8,"Red Junglefowl","2018",2018,-3.11166056626706,0.101026683235368
"1103",8,"Red Junglefowl","2019",2019,-3.18316911997841,0.0692028773429917
"1104",8,"Red Junglefowl","2020",2020,-3.3454678952488,0.0817389823312152
"1105",8,"Red Junglefowl","2021",2021,-3.13895945122522,0.0964339994878244
"1106",8,"Red Junglefowl","2022",2022,-3.42862235008177,0.0731718241581875
"1107",80,"Red Junglefowl","before 2000",1992,-3.35571488479075,0.112541109083232
"1108",80,"Red Junglefowl","2000-2006",2003,-3.6749144468277,0.0798496748643042
"1109",80,"Red Junglefowl","2007-2010",2009,-3.48069994844065,0.0686670161813147
"1110",80,"Red Junglefowl","2011-2012",2012,-3.34566552114346,0.0788385656219314
"1111",80,"Red Junglefowl","2013",2013,-3.44406314462629,0.0930547546304564
"1112",80,"Red Junglefowl","2014",2014,-3.13426745285634,0.103502845418295
"1113",80,"Red Junglefowl","2015",2015,-3.18124610430497,0.0729757150765519
"1114",80,"Red Junglefowl","2016",2016,-3.39957460645347,0.073160951549108
"1115",80,"Red Junglefowl","2017",2017,-3.42936844196072,0.075689409581806
"1116",80,"Red Junglefowl","2018",2018,-3.52565679547189,0.105904448477793
"1117",80,"Red Junglefowl","2019",2019,-3.29040351889669,0.0670844114713711
"1118",80,"Red Junglefowl","2020",2020,-3.47775758498057,0.0705405423997869
"1119",80,"Red Junglefowl","2021",2021,-3.19203032824416,0.10498038068603
"1120",80,"Red Junglefowl","2022",2022,-3.11908773632727,0.0989547066560595
"1121",81,"Red Junglefowl","before 2000",1992,-3.36163336387135,0.108917901564143
"1122",81,"Red Junglefowl","2000-2006",2003,-3.40104946273385,0.0695788129672225
"1123",81,"Red Junglefowl","2007-2010",2009,-3.47290042844658,0.0727229847338117
"1124",81,"Red Junglefowl","2011-2012",2012,-3.18516076726631,0.0699497696444803
"1125",81,"Red Junglefowl","2013",2013,-3.14402791795066,0.106029434741924
"1126",81,"Red Junglefowl","2014",2014,-3.48142400564863,0.0743094810628061
"1127",81,"Red Junglefowl","2015",2015,-3.43104764098178,0.0737564011777642
"1128",81,"Red Junglefowl","2016",2016,-3.18706096536302,0.10584694544948
"1129",81,"Red Junglefowl","2017",2017,-3.52381245338061,0.101689760815423
"1130",81,"Red Junglefowl","2018",2018,-3.43566325944669,0.0996195839643942
"1131",81,"Red Junglefowl","2019",2019,-3.11576309327151,0.104653680090695
"1132",81,"Red Junglefowl","2020",2020,-3.28883418538435,0.0672941708063477
"1133",81,"Red Junglefowl","2021",2021,-3.33954816253377,0.0857334076576604
"1134",81,"Red Junglefowl","2022",2022,-3.67663046586915,0.0792520285376966
"1135",82,"Red Junglefowl","before 2000",1992,-3.36481256598174,0.10907222863556
"1136",82,"Red Junglefowl","2000-2006",2003,-3.19119507648449,0.0993510124214869
"1137",82,"Red Junglefowl","2007-2010",2009,-3.28962698129603,0.0704186145308857
"1138",82,"Red Junglefowl","2011-2012",2012,-3.42788352529552,0.0758050738289524
"1139",82,"Red Junglefowl","2013",2013,-3.47994567302364,0.0748745477635721
"1140",82,"Red Junglefowl","2014",2014,-3.47599091669897,0.076184785594863
"1141",82,"Red Junglefowl","2015",2015,-3.52648834343143,0.115155901639123
"1142",82,"Red Junglefowl","2016",2016,-3.34791842900002,0.0753389440662513
"1143",82,"Red Junglefowl","2017",2017,-3.44124855605991,0.096835271657113
"1144",82,"Red Junglefowl","2018",2018,-3.14554314520649,0.0993426113376208
"1145",82,"Red Junglefowl","2019",2019,-3.66752926231677,0.0843496516192004
"1146",82,"Red Junglefowl","2020",2020,-3.12018949151697,0.0993121820031039
"1147",82,"Red Junglefowl","2021",2021,-3.18442908345516,0.0726319581592575
"1148",82,"Red Junglefowl","2022",2022,-3.39929768641463,0.0710442156960491
"1149",83,"Red Junglefowl","before 2000",1992,-3.358025536035,0.110284908266839
"1150",83,"Red Junglefowl","2000-2006",2003,-3.34185517752631,0.082842525636612
"1151",83,"Red Junglefowl","2007-2010",2009,-3.11695363769961,0.0979149758137334
"1152",83,"Red Junglefowl","2011-2012",2012,-3.5299065373613,0.107977278696715
"1153",83,"Red Junglefowl","2013",2013,-3.46967249823909,0.0794773370000933
"1154",83,"Red Junglefowl","2014",2014,-3.28235087444889,0.0752537329610944
"1155",83,"Red Junglefowl","2015",2015,-3.44289178710383,0.0941216523679477
"1156",83,"Red Junglefowl","2016",2016,-3.17379119132446,0.0792960575971278
"1157",83,"Red Junglefowl","2017",2017,-3.13240809916845,0.103750060893535
"1158",83,"Red Junglefowl","2018",2018,-3.47384263430413,0.0719764716886194
"1159",83,"Red Junglefowl","2019",2019,-3.39785894974505,0.0725598789393135
"1160",83,"Red Junglefowl","2020",2020,-3.67007056335732,0.0873482824761929
"1161",83,"Red Junglefowl","2021",2021,-3.42476436530277,0.0740271302478158
"1162",83,"Red Junglefowl","2022",2022,-3.17499389554325,0.111655641747563
"1163",84,"Red Junglefowl","before 2000",1992,-3.35758560758964,0.116077369028423
"1164",84,"Red Junglefowl","2000-2006",2003,-3.17398391658682,0.0755980857449275
"1165",84,"Red Junglefowl","2007-2010",2009,-3.67443840537223,0.081605190777906
"1166",84,"Red Junglefowl","2011-2012",2012,-3.44028802695862,0.0945243930478824
"1167",84,"Red Junglefowl","2013",2013,-3.28746818123828,0.070749209824603
"1168",84,"Red Junglefowl","2014",2014,-3.11204201960096,0.106631154627158
"1169",84,"Red Junglefowl","2015",2015,-3.14281932383495,0.102478702586716
"1170",84,"Red Junglefowl","2016",2016,-3.42833247599256,0.0768058653701222
"1171",84,"Red Junglefowl","2017",2017,-3.47717956481695,0.0758730455405738
"1172",84,"Red Junglefowl","2018",2018,-3.47318587715167,0.0744796442456208
"1173",84,"Red Junglefowl","2019",2019,-3.1906014267331,0.092765931170549
"1174",84,"Red Junglefowl","2020",2020,-3.39385767644319,0.0719642473868531
"1175",84,"Red Junglefowl","2021",2021,-3.52215811563728,0.10876109649088
"1176",84,"Red Junglefowl","2022",2022,-3.33332883369688,0.0893867051511742
"1177",85,"Red Junglefowl","before 2000",1992,-3.36574432922641,0.110836883338224
"1178",85,"Red Junglefowl","2000-2006",2003,-3.43070322316035,0.0724855192376347
"1179",85,"Red Junglefowl","2007-2010",2009,-3.39915798782365,0.0727095121801281
"1180",85,"Red Junglefowl","2011-2012",2012,-3.12970374772209,0.100774725834554
"1181",85,"Red Junglefowl","2013",2013,-3.12230136225437,0.102652546461073
"1182",85,"Red Junglefowl","2014",2014,-3.67073371975175,0.0826984977892369
"1183",85,"Red Junglefowl","2015",2015,-3.47488218898736,0.0749840854978395
"1184",85,"Red Junglefowl","2016",2016,-3.52539140494724,0.109585418274428
"1185",85,"Red Junglefowl","2017",2017,-3.46956599884892,0.0770860223117389
"1186",85,"Red Junglefowl","2018",2018,-3.28325963616436,0.0754010617300553
"1187",85,"Red Junglefowl","2019",2019,-3.34476543208406,0.0823318436604448
"1188",85,"Red Junglefowl","2020",2020,-3.19530851031482,0.101200573931201
"1189",85,"Red Junglefowl","2021",2021,-3.44170264249546,0.0968198554284682
"1190",85,"Red Junglefowl","2022",2022,-3.17929488388702,0.0772622050036128
"1191",86,"Red Junglefowl","before 2000",1992,-3.34795465951831,0.113049663290744
"1192",86,"Red Junglefowl","2000-2006",2003,-3.5191277539158,0.115249400113617
"1193",86,"Red Junglefowl","2007-2010",2009,-3.18645878882194,0.102592471674983
"1194",86,"Red Junglefowl","2011-2012",2012,-3.47207306585274,0.0768558036786312
"1195",86,"Red Junglefowl","2013",2013,-3.66848441804639,0.0795773444802278
"1196",86,"Red Junglefowl","2014",2014,-3.39608031497111,0.0729968965472969
"1197",86,"Red Junglefowl","2015",2015,-3.46782742509114,0.0780456792707337
"1198",86,"Red Junglefowl","2016",2016,-3.43335399898456,0.0925622005134135
"1199",86,"Red Junglefowl","2017",2017,-3.28201220084166,0.0705483296415035
"1200",86,"Red Junglefowl","2018",2018,-3.1128159826852,0.102911890152358
"1201",86,"Red Junglefowl","2019",2019,-3.17216780129024,0.071455349373998
"1202",86,"Red Junglefowl","2020",2020,-3.33799055990526,0.0829860968179176
"1203",86,"Red Junglefowl","2021",2021,-3.12692971767441,0.106614689500684
"1204",86,"Red Junglefowl","2022",2022,-3.42178572769496,0.0770150921059666
"1205",87,"Red Junglefowl","before 2000",1992,-3.3588457408861,0.111012700100946
"1206",87,"Red Junglefowl","2000-2006",2003,-3.43522627237952,0.0933151827644775
"1207",87,"Red Junglefowl","2007-2010",2009,-3.3377398454713,0.0918024355950292
"1208",87,"Red Junglefowl","2011-2012",2012,-3.46938893034564,0.0774851053321988
"1209",87,"Red Junglefowl","2013",2013,-3.39539226066958,0.0749329867497005
"1210",87,"Red Junglefowl","2014",2014,-3.19111373423428,0.103626502264288
"1211",87,"Red Junglefowl","2015",2015,-3.28610443579956,0.0719483316110719
"1212",87,"Red Junglefowl","2016",2016,-3.1361263434255,0.106269398996018
"1213",87,"Red Junglefowl","2017",2017,-3.11379373519733,0.1052067590858
"1214",87,"Red Junglefowl","2018",2018,-3.67054795384989,0.0778413273393591
"1215",87,"Red Junglefowl","2019",2019,-3.42667583396528,0.0764445930155853
"1216",87,"Red Junglefowl","2020",2020,-3.18067878369839,0.0738588312264512
"1217",87,"Red Junglefowl","2021",2021,-3.47789416555435,0.0757239761130747
"1218",87,"Red Junglefowl","2022",2022,-3.52232361575554,0.112691374019057
"1219",88,"Red Junglefowl","before 2000",1992,-3.35095482765041,0.123071147713736
"1220",88,"Red Junglefowl","2000-2006",2003,-3.13412738665204,0.107571986181476
"1221",88,"Red Junglefowl","2007-2010",2009,-3.17937650317448,0.0772970896154442
"1222",88,"Red Junglefowl","2011-2012",2012,-3.28692023446245,0.0737038615620522
"1223",88,"Red Junglefowl","2013",2013,-3.19354010662068,0.106266060447376
"1224",88,"Red Junglefowl","2014",2014,-3.3361823912114,0.088918798717732
"1225",88,"Red Junglefowl","2015",2015,-3.11329585985673,0.11063430785657
"1226",88,"Red Junglefowl","2016",2016,-3.47703326008057,0.0738258426382348
"1227",88,"Red Junglefowl","2017",2017,-3.66736222188597,0.0814437746608577
"1228",88,"Red Junglefowl","2018",2018,-3.39727688182776,0.0749482744656624
"1229",88,"Red Junglefowl","2019",2019,-3.52488256166218,0.105915801509143
"1230",88,"Red Junglefowl","2020",2020,-3.42802765173799,0.0753068557708042
"1231",88,"Red Junglefowl","2021",2021,-3.47325990119379,0.0727341223179564
"1232",88,"Red Junglefowl","2022",2022,-3.43701356544027,0.0942152275640176
"1233",89,"Red Junglefowl","before 2000",1992,-3.37071765634586,0.109545059648777
"1234",89,"Red Junglefowl","2000-2006",2003,-3.48037780956471,0.0744357818181915
"1235",89,"Red Junglefowl","2007-2010",2009,-3.43480959487494,0.0734938376673405
"1236",89,"Red Junglefowl","2011-2012",2012,-3.11475153936683,0.11107923023975
"1237",89,"Red Junglefowl","2013",2013,-3.34882045172357,0.0832847494678985
"1238",89,"Red Junglefowl","2014",2014,-3.18527876805044,0.0710625235475647
"1239",89,"Red Junglefowl","2015",2015,-3.67629346250198,0.0820445388123926
"1240",89,"Red Junglefowl","2016",2016,-3.4777177326656,0.0748731506184213
"1241",89,"Red Junglefowl","2017",2017,-3.40163000483145,0.078514919488671
"1242",89,"Red Junglefowl","2018",2018,-3.1913527725879,0.0958169277077259
"1243",89,"Red Junglefowl","2019",2019,-3.4456635968095,0.0961429527962259
"1244",89,"Red Junglefowl","2020",2020,-3.53013479725128,0.110964946093228
"1245",89,"Red Junglefowl","2021",2021,-3.29323293883666,0.0696218958848731
"1246",89,"Red Junglefowl","2022",2022,-3.13991557140746,0.102889313933166
"1247",9,"Red Junglefowl","before 2000",1992,-3.35840867896274,0.104783094583947
"1248",9,"Red Junglefowl","2000-2006",2003,-3.43531874542775,0.100213908892356
"1249",9,"Red Junglefowl","2007-2010",2009,-3.34130159326374,0.0867228742065144
"1250",9,"Red Junglefowl","2011-2012",2012,-3.47491714444478,0.0724975660400395
"1251",9,"Red Junglefowl","2013",2013,-3.39608419543057,0.0735590544909122
"1252",9,"Red Junglefowl","2014",2014,-3.19186816505515,0.105064422842801
"1253",9,"Red Junglefowl","2015",2015,-3.28886522300997,0.0718690868503303
"1254",9,"Red Junglefowl","2016",2016,-3.13059050138354,0.111352423342448
"1255",9,"Red Junglefowl","2017",2017,-3.1120794065878,0.103870500053535
"1256",9,"Red Junglefowl","2018",2018,-3.67054351535936,0.0789506926119579
"1257",9,"Red Junglefowl","2019",2019,-3.42760538641242,0.0774296979671298
"1258",9,"Red Junglefowl","2020",2020,-3.18063314864567,0.0802787524551721
"1259",9,"Red Junglefowl","2021",2021,-3.47874009505436,0.0699011801066434
"1260",9,"Red Junglefowl","2022",2022,-3.52355504426093,0.116361940625354
"1261",90,"Red Junglefowl","before 2000",1992,-3.36767588369115,0.11132777231419
"1262",90,"Red Junglefowl","2000-2006",2003,-3.47970326271844,0.0760970599340873
"1263",90,"Red Junglefowl","2007-2010",2009,-3.53677527507402,0.110597216108066
"1264",90,"Red Junglefowl","2011-2012",2012,-3.67961193116961,0.0847452933501165
"1265",90,"Red Junglefowl","2013",2013,-3.18712728182678,0.0734037328310521
"1266",90,"Red Junglefowl","2014",2014,-3.43656057373733,0.0747971208052969
"1267",90,"Red Junglefowl","2015",2015,-3.40392315753812,0.0728503290776684
"1268",90,"Red Junglefowl","2016",2016,-3.29340941090264,0.0699472417625427
"1269",90,"Red Junglefowl","2017",2017,-3.20028434378011,0.0957808970732833
"1270",90,"Red Junglefowl","2018",2018,-3.34843465107709,0.0878109969323145
"1271",90,"Red Junglefowl","2019",2019,-3.14493282508071,0.100346482049716
"1272",90,"Red Junglefowl","2020",2020,-3.44663521641936,0.0973292834807965
"1273",90,"Red Junglefowl","2021",2021,-3.12138146849672,0.105867246444118
"1274",90,"Red Junglefowl","2022",2022,-3.4839318148581,0.0749523354536237
"1275",91,"Red Junglefowl","before 2000",1992,-3.35871830699288,0.115868966018967
"1276",91,"Red Junglefowl","2000-2006",2003,-3.28973078677248,0.0700267650009565
"1277",91,"Red Junglefowl","2007-2010",2009,-3.45156625620229,0.0923242188261201
"1278",91,"Red Junglefowl","2011-2012",2012,-3.40224221736076,0.0686520851071462
"1279",91,"Red Junglefowl","2013",2013,-3.42836604618897,0.0760960297903568
"1280",91,"Red Junglefowl","2014",2014,-3.52834416576282,0.10572859863291
"1281",91,"Red Junglefowl","2015",2015,-3.18981598218125,0.107352673359502
"1282",91,"Red Junglefowl","2016",2016,-3.11557233929029,0.102674160253668
"1283",91,"Red Junglefowl","2017",2017,-3.34210711413908,0.0795672289916669
"1284",91,"Red Junglefowl","2018",2018,-3.17941114117789,0.0716877308287509
"1285",91,"Red Junglefowl","2019",2019,-3.48205941532573,0.074176150084983
"1286",91,"Red Junglefowl","2020",2020,-3.13891592535604,0.103566144097852
"1287",91,"Red Junglefowl","2021",2021,-3.67734547374126,0.0828381592865208
"1288",91,"Red Junglefowl","2022",2022,-3.47263893832563,0.0769325824958595
"1289",92,"Red Junglefowl","before 2000",1992,-3.35958851419656,0.106925465997601
"1290",92,"Red Junglefowl","2000-2006",2003,-3.11998969461654,0.104688944796385
"1291",92,"Red Junglefowl","2007-2010",2009,-3.13757898658955,0.10952361554788
"1292",92,"Red Junglefowl","2011-2012",2012,-3.19597110891147,0.103209390014494
"1293",92,"Red Junglefowl","2013",2013,-3.5346747292276,0.10540717743656
"1294",92,"Red Junglefowl","2014",2014,-3.44554719703193,0.097618985363299
"1295",92,"Red Junglefowl","2015",2015,-3.34539070807913,0.0834458710955526
"1296",92,"Red Junglefowl","2016",2016,-3.67904589829584,0.0796984917617936
"1297",92,"Red Junglefowl","2017",2017,-3.17688541348266,0.0761796235214639
"1298",92,"Red Junglefowl","2018",2018,-3.42981899744315,0.0748719168628202
"1299",92,"Red Junglefowl","2019",2019,-3.47110354453921,0.0805253614548369
"1300",92,"Red Junglefowl","2020",2020,-3.47868889531746,0.0721438603006141
"1301",92,"Red Junglefowl","2021",2021,-3.39706904712867,0.0713234899968026
"1302",92,"Red Junglefowl","2022",2022,-3.28832742423112,0.0732147061652971
"1303",93,"Red Junglefowl","before 2000",1992,-3.37899142023689,0.113767141385256
"1304",93,"Red Junglefowl","2000-2006",2003,-3.68057423274791,0.0810546548726718
"1305",93,"Red Junglefowl","2007-2010",2009,-3.48835626961432,0.076450759965475
"1306",93,"Red Junglefowl","2011-2012",2012,-3.35249098061999,0.0857309274160684
"1307",93,"Red Junglefowl","2013",2013,-3.44458797434356,0.0989479941472623
"1308",93,"Red Junglefowl","2014",2014,-3.13987129615932,0.103468052973685
"1309",93,"Red Junglefowl","2015",2015,-3.18886458068588,0.0750564653221869
"1310",93,"Red Junglefowl","2016",2016,-3.40995425829978,0.0699103496804068
"1311",93,"Red Junglefowl","2017",2017,-3.43658139205527,0.073635829158568
"1312",93,"Red Junglefowl","2018",2018,-3.53734628280398,0.101826359891156
"1313",93,"Red Junglefowl","2019",2019,-3.29580005905918,0.0717385065001619
"1314",93,"Red Junglefowl","2020",2020,-3.48261805927612,0.075703189491515
"1315",93,"Red Junglefowl","2021",2021,-3.2063948812952,0.0944087330313892
"1316",93,"Red Junglefowl","2022",2022,-3.12854727636095,0.10440776194024
"1317",94,"Red Junglefowl","before 2000",1992,-3.36411732043541,0.108026080523542
"1318",94,"Red Junglefowl","2000-2006",2003,-3.39160918560794,0.0756281749332642
"1319",94,"Red Junglefowl","2007-2010",2009,-3.46934470758071,0.0705555127410832
"1320",94,"Red Junglefowl","2011-2012",2012,-3.17282180537526,0.0725788307215197
"1321",94,"Red Junglefowl","2013",2013,-3.1341774279009,0.107864151062158
"1322",94,"Red Junglefowl","2014",2014,-3.47488187867302,0.0735301324387212
"1323",94,"Red Junglefowl","2015",2015,-3.42127341929089,0.0709328722739074
"1324",94,"Red Junglefowl","2016",2016,-3.17837332836811,0.103703568854259
"1325",94,"Red Junglefowl","2017",2017,-3.52526423253695,0.103212529055541
"1326",94,"Red Junglefowl","2018",2018,-3.43391115639982,0.0968635400158109
"1327",94,"Red Junglefowl","2019",2019,-3.11899367983664,0.097570030003113
"1328",94,"Red Junglefowl","2020",2020,-3.28377597798955,0.069337477436203
"1329",94,"Red Junglefowl","2021",2021,-3.33397271385416,0.082180841815771
"1330",94,"Red Junglefowl","2022",2022,-3.66870844437719,0.0805651443704311
"1331",95,"Red Junglefowl","before 2000",1992,-3.35803121635489,0.110462795270384
"1332",95,"Red Junglefowl","2000-2006",2003,-3.19553838509463,0.101592036926505
"1333",95,"Red Junglefowl","2007-2010",2009,-3.2877990982339,0.073156036948683
"1334",95,"Red Junglefowl","2011-2012",2012,-3.43032000151852,0.0779682070294326
"1335",95,"Red Junglefowl","2013",2013,-3.47987019561386,0.0753452607718634
"1336",95,"Red Junglefowl","2014",2014,-3.47841467063456,0.0730107173937423
"1337",95,"Red Junglefowl","2015",2015,-3.52102638471745,0.112930887763167
"1338",95,"Red Junglefowl","2016",2016,-3.33870742444935,0.0875365949726227
"1339",95,"Red Junglefowl","2017",2017,-3.44275172733344,0.0942851964471018
"1340",95,"Red Junglefowl","2018",2018,-3.15103061402828,0.0973560908195411
"1341",95,"Red Junglefowl","2019",2019,-3.68013530867388,0.0755450334046851
"1342",95,"Red Junglefowl","2020",2020,-3.12562764663156,0.0982132990122548
"1343",95,"Red Junglefowl","2021",2021,-3.18699658198372,0.069637905714216
"1344",95,"Red Junglefowl","2022",2022,-3.40322119457291,0.0717836608551788
"1345",96,"Red Junglefowl","before 2000",1992,-3.355098386789,0.115941819905642
"1346",96,"Red Junglefowl","2000-2006",2003,-3.33878203020815,0.0856703278513162
"1347",96,"Red Junglefowl","2007-2010",2009,-3.12480057866577,0.103003911966984
"1348",96,"Red Junglefowl","2011-2012",2012,-3.52133688375898,0.111813230082233
"1349",96,"Red Junglefowl","2013",2013,-3.47475202041449,0.0762576306767974
"1350",96,"Red Junglefowl","2014",2014,-3.28669513088846,0.0767488818319692
"1351",96,"Red Junglefowl","2015",2015,-3.4394139503502,0.102559381914413
"1352",96,"Red Junglefowl","2016",2016,-3.17741399065466,0.0747504274317311
"1353",96,"Red Junglefowl","2017",2017,-3.14023723710506,0.102779250115321
"1354",96,"Red Junglefowl","2018",2018,-3.47529970946747,0.0736552174352929
"1355",96,"Red Junglefowl","2019",2019,-3.39709455429474,0.0751677089374606
"1356",96,"Red Junglefowl","2020",2020,-3.67462798737223,0.0804302422426461
"1357",96,"Red Junglefowl","2021",2021,-3.42840121256166,0.0791491835779505
"1358",96,"Red Junglefowl","2022",2022,-3.18533562380917,0.0929064191020313
"1359",97,"Red Junglefowl","before 2000",1992,-3.36018072968184,0.105609158223082
"1360",97,"Red Junglefowl","2000-2006",2003,-3.17629069945619,0.0740796020702006
"1361",97,"Red Junglefowl","2007-2010",2009,-3.66529316282852,0.0882230844794342
"1362",97,"Red Junglefowl","2011-2012",2012,-3.43574944760582,0.0967075872457189
"1363",97,"Red Junglefowl","2013",2013,-3.28684425365619,0.0682600810787519
"1364",97,"Red Junglefowl","2014",2014,-3.11205437618266,0.0993258174894748
"1365",97,"Red Junglefowl","2015",2015,-3.12951719387352,0.101387811918483
"1366",97,"Red Junglefowl","2016",2016,-3.42689922139244,0.0757331244871421
"1367",97,"Red Junglefowl","2017",2017,-3.47777865687461,0.075268060102749
"1368",97,"Red Junglefowl","2018",2018,-3.46935581536018,0.0762240482668141
"1369",97,"Red Junglefowl","2019",2019,-3.18410733616115,0.0978107385695747
"1370",97,"Red Junglefowl","2020",2020,-3.39395134388868,0.0766306780233175
"1371",97,"Red Junglefowl","2021",2021,-3.5181810269143,0.112735216735231
"1372",97,"Red Junglefowl","2022",2022,-3.33560375308977,0.0900628786089764
"1373",98,"Red Junglefowl","before 2000",1992,-3.3541869647734,0.115394744048163
"1374",98,"Red Junglefowl","2000-2006",2003,-3.43047708653109,0.0756857597348581
"1375",98,"Red Junglefowl","2007-2010",2009,-3.40035470291703,0.0729192199365916
"1376",98,"Red Junglefowl","2011-2012",2012,-3.1274751166452,0.112631567428609
"1377",98,"Red Junglefowl","2013",2013,-3.10696887414764,0.103210109380848
"1378",98,"Red Junglefowl","2014",2014,-3.6714566475821,0.0779792881952617
"1379",98,"Red Junglefowl","2015",2015,-3.48047832390077,0.0701821255340741
"1380",98,"Red Junglefowl","2016",2016,-3.51728601590123,0.111950249561439
"1381",98,"Red Junglefowl","2017",2017,-3.47025102986732,0.0748405092281144
"1382",98,"Red Junglefowl","2018",2018,-3.28780855358861,0.0739038090694506
"1383",98,"Red Junglefowl","2019",2019,-3.33842682042846,0.08639022627738
"1384",98,"Red Junglefowl","2020",2020,-3.19093346856382,0.108201215051323
"1385",98,"Red Junglefowl","2021",2021,-3.44401109832231,0.0912957606430224
"1386",98,"Red Junglefowl","2022",2022,-3.17943173289366,0.0772038054145323
"1387",99,"Red Junglefowl","before 2000",1992,-3.35499732310509,0.111820474343759
"1388",99,"Red Junglefowl","2000-2006",2003,-3.52706218285941,0.110606917802198
"1389",99,"Red Junglefowl","2007-2010",2009,-3.19174165670967,0.0965045834362371
"1390",99,"Red Junglefowl","2011-2012",2012,-3.47918607997948,0.0761595835914817
"1391",99,"Red Junglefowl","2013",2013,-3.67496761132807,0.0812677146757018
"1392",99,"Red Junglefowl","2014",2014,-3.40396197804921,0.0692870561658383
"1393",99,"Red Junglefowl","2015",2015,-3.47728671929555,0.0762703046101356
"1394",99,"Red Junglefowl","2016",2016,-3.44084706217552,0.102331743636777
"1395",99,"Red Junglefowl","2017",2017,-3.29117860585928,0.0712639323997497
"1396",99,"Red Junglefowl","2018",2018,-3.10897315033543,0.107098361620837
"1397",99,"Red Junglefowl","2019",2019,-3.18206138813907,0.073152745907215
"1398",99,"Red Junglefowl","2020",2020,-3.3460757992148,0.0855466455167886
"1399",99,"Red Junglefowl","2021",2021,-3.13419414930356,0.106338534326065
"1400",99,"Red Junglefowl","2022",2022,-3.43040179531873,0.07555999277391
