"","sl","COMMON.NAME","timegroupsf","timegroups","freq","se"
"1",1,"Red Junglefowl","before 2000",1992,-3.52752845128397,0.0880058767757169
"2",1,"Red Junglefowl","2000-2006",2003,-3.41840067431296,0.0931580537592044
"3",1,"Red Junglefowl","2007-2010",2009,-3.40567003187891,0.0914384466434865
"4",1,"Red Junglefowl","2011-2012",2012,-3.50041486177863,0.0901717721534523
"5",1,"Red Junglefowl","2013",2013,-3.6580302283356,0.0931464916646502
"6",1,"Red Junglefowl","2014",2014,-3.70474179120655,0.0872833920501116
"7",1,"Red Junglefowl","2015",2015,-3.62337959818398,0.0839686232348066
"8",1,"Red Junglefowl","2016",2016,-3.79862102305344,0.0732208841588825
"9",1,"Red Junglefowl","2017",2017,-3.3875304300512,0.0692369171638405
"10",1,"Red Junglefowl","2018",2018,-3.60613425057788,0.0741077162768023
"11",1,"Red Junglefowl","2019",2019,-3.66317783169814,0.0748251152542281
"12",1,"Red Junglefowl","2020",2020,-3.68072584307021,0.0723480524190985
"13",1,"Red Junglefowl","2021",2021,-3.59324914195978,0.071839080742616
"14",1,"Red Junglefowl","2022",2022,-3.53751214797924,0.0705966689095752
"15",1,"Red Junglefowl","2023",2023,-3.4227858231246,0.0643565239364099
"16",1,"Red Junglefowl","2024",2024,-3.48941623454694,0.0663255829593339
"17",10,"Red Junglefowl","before 2000",1992,-3.56605266912193,0.0977489115763182
"18",10,"Red Junglefowl","2000-2006",2003,-3.3192205374468,0.0923554802971619
"19",10,"Red Junglefowl","2007-2010",2009,-3.29949099662873,0.097737731755428
"20",10,"Red Junglefowl","2011-2012",2012,-3.29311738964601,0.0934650760770942
"21",10,"Red Junglefowl","2013",2013,-3.65396234101042,0.0921393333753123
"22",10,"Red Junglefowl","2014",2014,-3.61322637527171,0.0907624082535441
"23",10,"Red Junglefowl","2015",2015,-3.47986053067518,0.0779628527508888
"24",10,"Red Junglefowl","2016",2016,-3.8116400974748,0.0782220033015042
"25",10,"Red Junglefowl","2017",2017,-3.24257893610883,0.0673775082767892
"26",10,"Red Junglefowl","2018",2018,-3.54375125270366,0.0687732715463572
"27",10,"Red Junglefowl","2019",2019,-3.58979104764228,0.0714972483906929
"28",10,"Red Junglefowl","2020",2020,-3.5993349924831,0.0651731154852412
"29",10,"Red Junglefowl","2021",2021,-3.53043057193707,0.0688923361620463
"30",10,"Red Junglefowl","2022",2022,-3.46636130212129,0.069231732947309
"31",10,"Red Junglefowl","2023",2023,-3.34680552696182,0.065675462710198
"32",10,"Red Junglefowl","2024",2024,-3.38231808113587,0.0660365523809248
"33",100,"Red Junglefowl","before 2000",1992,-3.56914987265214,0.115982337759518
"34",100,"Red Junglefowl","2000-2006",2003,-3.32413845051234,0.0964791205790581
"35",100,"Red Junglefowl","2007-2010",2009,-3.29531855562,0.0930351319661472
"36",100,"Red Junglefowl","2011-2012",2012,-3.28754090732961,0.094063976231674
"37",100,"Red Junglefowl","2013",2013,-3.64509662342034,0.104023857994424
"38",100,"Red Junglefowl","2014",2014,-3.60746291017365,0.0866871072562595
"39",100,"Red Junglefowl","2015",2015,-3.47896479780786,0.0788243586689589
"40",100,"Red Junglefowl","2016",2016,-3.81137919804256,0.0796131449433384
"41",100,"Red Junglefowl","2017",2017,-3.2371814852734,0.0679254739161708
"42",100,"Red Junglefowl","2018",2018,-3.54119720117063,0.0674813841736552
"43",100,"Red Junglefowl","2019",2019,-3.58967470663809,0.0757442376522046
"44",100,"Red Junglefowl","2020",2020,-3.59793088027688,0.0678326628242407
"45",100,"Red Junglefowl","2021",2021,-3.52872626324715,0.0708956295449474
"46",100,"Red Junglefowl","2022",2022,-3.46714238988933,0.069719639008483
"47",100,"Red Junglefowl","2023",2023,-3.34486267685909,0.063482696738575
"48",100,"Red Junglefowl","2024",2024,-3.38045516567465,0.0641777276677005
"49",11,"Red Junglefowl","before 2000",1992,-3.57468129213199,0.120252383729151
"50",11,"Red Junglefowl","2000-2006",2003,-3.32458324862148,0.0992451246284032
"51",11,"Red Junglefowl","2007-2010",2009,-3.29591416287467,0.0927830964936837
"52",11,"Red Junglefowl","2011-2012",2012,-3.30286379263489,0.0899919543079742
"53",11,"Red Junglefowl","2013",2013,-3.65336468516272,0.104696277605078
"54",11,"Red Junglefowl","2014",2014,-3.60311954268882,0.0855318693347737
"55",11,"Red Junglefowl","2015",2015,-3.48227342810579,0.0782198687590907
"56",11,"Red Junglefowl","2016",2016,-3.81045127679278,0.0746274646594411
"57",11,"Red Junglefowl","2017",2017,-3.2404652502216,0.0680778242608169
"58",11,"Red Junglefowl","2018",2018,-3.54388937565419,0.0678732131931126
"59",11,"Red Junglefowl","2019",2019,-3.59007123277837,0.0698113148298826
"60",11,"Red Junglefowl","2020",2020,-3.59554973504893,0.0700160975999855
"61",11,"Red Junglefowl","2021",2021,-3.53275944563152,0.067930478283894
"62",11,"Red Junglefowl","2022",2022,-3.47000699563752,0.0663524475940014
"63",11,"Red Junglefowl","2023",2023,-3.34536310749522,0.0644952557949214
"64",11,"Red Junglefowl","2024",2024,-3.3816559939522,0.0623512404453523
"65",12,"Red Junglefowl","before 2000",1992,-3.56364206486069,0.108136338837688
"66",12,"Red Junglefowl","2000-2006",2003,-3.30967160056619,0.0997785119368366
"67",12,"Red Junglefowl","2007-2010",2009,-3.29818685946292,0.0927765867157553
"68",12,"Red Junglefowl","2011-2012",2012,-3.29594727016938,0.0908177761009048
"69",12,"Red Junglefowl","2013",2013,-3.64703663489503,0.102152651002994
"70",12,"Red Junglefowl","2014",2014,-3.60387718606559,0.0874612421809728
"71",12,"Red Junglefowl","2015",2015,-3.46954471963907,0.0767987698211365
"72",12,"Red Junglefowl","2016",2016,-3.79986450969853,0.0835420834138899
"73",12,"Red Junglefowl","2017",2017,-3.2354173034487,0.0712348420435955
"74",12,"Red Junglefowl","2018",2018,-3.53441982937016,0.0720561237868642
"75",12,"Red Junglefowl","2019",2019,-3.58763499437448,0.0745742046665561
"76",12,"Red Junglefowl","2020",2020,-3.59485836556267,0.0636946639403716
"77",12,"Red Junglefowl","2021",2021,-3.52878612917783,0.0679199825582715
"78",12,"Red Junglefowl","2022",2022,-3.46912105344495,0.0699521968140874
"79",12,"Red Junglefowl","2023",2023,-3.34035681271934,0.0681397702111416
"80",12,"Red Junglefowl","2024",2024,-3.37828865789268,0.0666641376088076
"81",13,"Red Junglefowl","before 2000",1992,-3.58150538934149,0.107136766929936
"82",13,"Red Junglefowl","2000-2006",2003,-3.3301142277096,0.0912624967636143
"83",13,"Red Junglefowl","2007-2010",2009,-3.30786728507381,0.0886786347132703
"84",13,"Red Junglefowl","2011-2012",2012,-3.30380981683553,0.0951628110413094
"85",13,"Red Junglefowl","2013",2013,-3.65166472576851,0.102766213608911
"86",13,"Red Junglefowl","2014",2014,-3.61347099486612,0.091199030455714
"87",13,"Red Junglefowl","2015",2015,-3.48252281393642,0.0761041657067943
"88",13,"Red Junglefowl","2016",2016,-3.81645643311175,0.077060813445721
"89",13,"Red Junglefowl","2017",2017,-3.24780961953077,0.0621562680465367
"90",13,"Red Junglefowl","2018",2018,-3.54868570786409,0.0658221185693989
"91",13,"Red Junglefowl","2019",2019,-3.59959522192081,0.0634119861400012
"92",13,"Red Junglefowl","2020",2020,-3.60439363212177,0.064415811177455
"93",13,"Red Junglefowl","2021",2021,-3.53670192505617,0.0709901537739147
"94",13,"Red Junglefowl","2022",2022,-3.47582534450258,0.0670981859961839
"95",13,"Red Junglefowl","2023",2023,-3.35123076275417,0.0634573490240078
"96",13,"Red Junglefowl","2024",2024,-3.38631272041355,0.0673669726426122
"97",14,"Red Junglefowl","before 2000",1992,-3.56775273766498,0.0964322357839642
"98",14,"Red Junglefowl","2000-2006",2003,-3.32064342708059,0.104795738366527
"99",14,"Red Junglefowl","2007-2010",2009,-3.30457808145245,0.0913792856541853
"100",14,"Red Junglefowl","2011-2012",2012,-3.30206892829872,0.0939474515261478
"101",14,"Red Junglefowl","2013",2013,-3.64352504772791,0.0979133234976649
"102",14,"Red Junglefowl","2014",2014,-3.61681142842567,0.0894134023662286
"103",14,"Red Junglefowl","2015",2015,-3.4813766869641,0.0804599318798496
"104",14,"Red Junglefowl","2016",2016,-3.81805293745902,0.0738074287274935
"105",14,"Red Junglefowl","2017",2017,-3.24249383306574,0.0669577360343987
"106",14,"Red Junglefowl","2018",2018,-3.54254223882318,0.0734908401976153
"107",14,"Red Junglefowl","2019",2019,-3.59403393933521,0.0750402031990618
"108",14,"Red Junglefowl","2020",2020,-3.60054887344761,0.0714342311032911
"109",14,"Red Junglefowl","2021",2021,-3.53160730072946,0.06995885496192
"110",14,"Red Junglefowl","2022",2022,-3.47269666948176,0.0651792498121065
"111",14,"Red Junglefowl","2023",2023,-3.34415259044748,0.0691240927130854
"112",14,"Red Junglefowl","2024",2024,-3.38087394777432,0.0712895445002834
"113",15,"Red Junglefowl","before 2000",1992,-3.56240366203224,0.106577157691172
"114",15,"Red Junglefowl","2000-2006",2003,-3.3196725974262,0.105113216058944
"115",15,"Red Junglefowl","2007-2010",2009,-3.29780638934524,0.0920859473235954
"116",15,"Red Junglefowl","2011-2012",2012,-3.29323336134693,0.0965481401310011
"117",15,"Red Junglefowl","2013",2013,-3.64600502334217,0.0959043181755271
"118",15,"Red Junglefowl","2014",2014,-3.61010065507057,0.0890967033207448
"119",15,"Red Junglefowl","2015",2015,-3.47911955631822,0.0795810867885226
"120",15,"Red Junglefowl","2016",2016,-3.81125742029524,0.0710796732106109
"121",15,"Red Junglefowl","2017",2017,-3.2412495203294,0.0650418303590704
"122",15,"Red Junglefowl","2018",2018,-3.54076894230357,0.0635667433360526
"123",15,"Red Junglefowl","2019",2019,-3.59324882701048,0.0704471796015104
"124",15,"Red Junglefowl","2020",2020,-3.59500878127483,0.0678783240420348
"125",15,"Red Junglefowl","2021",2021,-3.52966614200237,0.0636437262292348
"126",15,"Red Junglefowl","2022",2022,-3.46982640522239,0.0670548701237377
"127",15,"Red Junglefowl","2023",2023,-3.34620435947579,0.0599771245877192
"128",15,"Red Junglefowl","2024",2024,-3.37896729420494,0.0611415891297729
"129",16,"Red Junglefowl","before 2000",1992,-3.56325553353468,0.106825780998725
"130",16,"Red Junglefowl","2000-2006",2003,-3.31657986658116,0.1066239906617
"131",16,"Red Junglefowl","2007-2010",2009,-3.3020350636003,0.0912927322225348
"132",16,"Red Junglefowl","2011-2012",2012,-3.29436603957733,0.0900213313120132
"133",16,"Red Junglefowl","2013",2013,-3.64255767409142,0.104734570077122
"134",16,"Red Junglefowl","2014",2014,-3.60334085661053,0.0895565331289868
"135",16,"Red Junglefowl","2015",2015,-3.47345514085475,0.082108550487163
"136",16,"Red Junglefowl","2016",2016,-3.79843798560994,0.0808026189322918
"137",16,"Red Junglefowl","2017",2017,-3.23178227857073,0.0746261214970776
"138",16,"Red Junglefowl","2018",2018,-3.53716275067899,0.0754151346393834
"139",16,"Red Junglefowl","2019",2019,-3.58269865440679,0.0805382502649772
"140",16,"Red Junglefowl","2020",2020,-3.59087368423644,0.0725079700701347
"141",16,"Red Junglefowl","2021",2021,-3.52535816137673,0.0713753108991677
"142",16,"Red Junglefowl","2022",2022,-3.4630466734296,0.072253228458998
"143",16,"Red Junglefowl","2023",2023,-3.33427134344933,0.0739547757431617
"144",16,"Red Junglefowl","2024",2024,-3.37354589157185,0.0699393007846509
"145",17,"Red Junglefowl","before 2000",1992,-3.5647054304314,0.105937945523369
"146",17,"Red Junglefowl","2000-2006",2003,-3.31483602475653,0.102629810809463
"147",17,"Red Junglefowl","2007-2010",2009,-3.29015076721687,0.0955380313675944
"148",17,"Red Junglefowl","2011-2012",2012,-3.29139629028134,0.106240118390182
"149",17,"Red Junglefowl","2013",2013,-3.63769925003559,0.100874913877267
"150",17,"Red Junglefowl","2014",2014,-3.60703544587924,0.0830427531853296
"151",17,"Red Junglefowl","2015",2015,-3.47145512316258,0.0804035171524577
"152",17,"Red Junglefowl","2016",2016,-3.80154045039467,0.0797890342920968
"153",17,"Red Junglefowl","2017",2017,-3.23174369155574,0.0675922246547533
"154",17,"Red Junglefowl","2018",2018,-3.53211661432831,0.0684697534653563
"155",17,"Red Junglefowl","2019",2019,-3.58407545739525,0.0739518849311266
"156",17,"Red Junglefowl","2020",2020,-3.59345908293369,0.0692349037214735
"157",17,"Red Junglefowl","2021",2021,-3.52586853268496,0.0668369736467167
"158",17,"Red Junglefowl","2022",2022,-3.46271230492129,0.0687169843245413
"159",17,"Red Junglefowl","2023",2023,-3.33605353352273,0.0678166602589574
"160",17,"Red Junglefowl","2024",2024,-3.37127476555819,0.0710713686901739
"161",18,"Red Junglefowl","before 2000",1992,-3.57330804210997,0.104615611636803
"162",18,"Red Junglefowl","2000-2006",2003,-3.31818332863364,0.102724418228625
"163",18,"Red Junglefowl","2007-2010",2009,-3.29538709679698,0.0962676889149341
"164",18,"Red Junglefowl","2011-2012",2012,-3.29714944780147,0.0942971273083378
"165",18,"Red Junglefowl","2013",2013,-3.65081333694475,0.0951877631636173
"166",18,"Red Junglefowl","2014",2014,-3.61108443931698,0.090674044140739
"167",18,"Red Junglefowl","2015",2015,-3.48210966167963,0.0814338464965294
"168",18,"Red Junglefowl","2016",2016,-3.81103902473959,0.0770798622390905
"169",18,"Red Junglefowl","2017",2017,-3.23962370917071,0.0755644952013049
"170",18,"Red Junglefowl","2018",2018,-3.54158664869999,0.0767595678651463
"171",18,"Red Junglefowl","2019",2019,-3.59685615758298,0.0713384615668966
"172",18,"Red Junglefowl","2020",2020,-3.59768125382546,0.0746554968965917
"173",18,"Red Junglefowl","2021",2021,-3.53307519987006,0.070302016086792
"174",18,"Red Junglefowl","2022",2022,-3.46948814621945,0.0706577036396302
"175",18,"Red Junglefowl","2023",2023,-3.34453101628776,0.0721711847877522
"176",18,"Red Junglefowl","2024",2024,-3.37830986270397,0.0720579038024488
"177",19,"Red Junglefowl","before 2000",1992,-3.5748024295889,0.106799814055525
"178",19,"Red Junglefowl","2000-2006",2003,-3.32565460768869,0.0968679641596094
"179",19,"Red Junglefowl","2007-2010",2009,-3.30192413502815,0.0873236355992459
"180",19,"Red Junglefowl","2011-2012",2012,-3.2976655904022,0.0922893991569735
"181",19,"Red Junglefowl","2013",2013,-3.64631960109294,0.106359090984042
"182",19,"Red Junglefowl","2014",2014,-3.61139405515926,0.0857840874881217
"183",19,"Red Junglefowl","2015",2015,-3.48088442854514,0.07814820299173
"184",19,"Red Junglefowl","2016",2016,-3.81225292767673,0.0696791203946893
"185",19,"Red Junglefowl","2017",2017,-3.2403274620778,0.0670085401751639
"186",19,"Red Junglefowl","2018",2018,-3.5429089022569,0.0693407686918496
"187",19,"Red Junglefowl","2019",2019,-3.59519355966806,0.0678867720544915
"188",19,"Red Junglefowl","2020",2020,-3.59638282336979,0.0717531992540749
"189",19,"Red Junglefowl","2021",2021,-3.53464636353904,0.065162205404057
"190",19,"Red Junglefowl","2022",2022,-3.47407008180337,0.0678997463007029
"191",19,"Red Junglefowl","2023",2023,-3.34851710672278,0.065791792590089
"192",19,"Red Junglefowl","2024",2024,-3.38262504775452,0.0625984805226174
"193",2,"Red Junglefowl","before 2000",1992,-3.51911193480273,0.0954434533756597
"194",2,"Red Junglefowl","2000-2006",2003,-3.3427093934308,0.0920262053344238
"195",2,"Red Junglefowl","2007-2010",2009,-3.31295846607571,0.0932784388948638
"196",2,"Red Junglefowl","2011-2012",2012,-3.39841367061543,0.0922061799019895
"197",2,"Red Junglefowl","2013",2013,-3.67122687440102,0.0935671008236831
"198",2,"Red Junglefowl","2014",2014,-3.67899520692258,0.0843841324668511
"199",2,"Red Junglefowl","2015",2015,-3.53078333518149,0.0709189797514795
"200",2,"Red Junglefowl","2016",2016,-3.76307315434962,0.076705386629441
"201",2,"Red Junglefowl","2017",2017,-3.29319824464841,0.0709254089832266
"202",2,"Red Junglefowl","2018",2018,-3.57640192232357,0.0692608507240196
"203",2,"Red Junglefowl","2019",2019,-3.62169596693591,0.0761484342512361
"204",2,"Red Junglefowl","2020",2020,-3.62940078585334,0.0714897159241554
"205",2,"Red Junglefowl","2021",2021,-3.56438164982216,0.0686129985686975
"206",2,"Red Junglefowl","2022",2022,-3.50735631502405,0.0646828074760578
"207",2,"Red Junglefowl","2023",2023,-3.36340035558251,0.0652932585891943
"208",2,"Red Junglefowl","2024",2024,-3.42221292662884,0.0661784911157277
"209",20,"Red Junglefowl","before 2000",1992,-3.57418035971775,0.105703954721821
"210",20,"Red Junglefowl","2000-2006",2003,-3.32278934984865,0.0969914214943989
"211",20,"Red Junglefowl","2007-2010",2009,-3.30439587218501,0.0899370624550686
"212",20,"Red Junglefowl","2011-2012",2012,-3.29534209713101,0.0986603386142846
"213",20,"Red Junglefowl","2013",2013,-3.64630856099517,0.0997691519567443
"214",20,"Red Junglefowl","2014",2014,-3.61631013441191,0.0894401601011513
"215",20,"Red Junglefowl","2015",2015,-3.48291076655148,0.0792566014804202
"216",20,"Red Junglefowl","2016",2016,-3.81238911334976,0.0808444954108433
"217",20,"Red Junglefowl","2017",2017,-3.24297401943465,0.0659276012196951
"218",20,"Red Junglefowl","2018",2018,-3.54547633843593,0.0664573316764867
"219",20,"Red Junglefowl","2019",2019,-3.59687211714512,0.0670834109560446
"220",20,"Red Junglefowl","2020",2020,-3.60075308937609,0.0684573354901742
"221",20,"Red Junglefowl","2021",2021,-3.53024535629736,0.0718398691750552
"222",20,"Red Junglefowl","2022",2022,-3.4775271058996,0.0625526157389892
"223",20,"Red Junglefowl","2023",2023,-3.34828888775488,0.06224663685707
"224",20,"Red Junglefowl","2024",2024,-3.38587484843351,0.0620216049784083
"225",21,"Red Junglefowl","before 2000",1992,-3.56149055257331,0.105567419547865
"226",21,"Red Junglefowl","2000-2006",2003,-3.30709665390631,0.0988388252955512
"227",21,"Red Junglefowl","2007-2010",2009,-3.2842761366821,0.101982205625544
"228",21,"Red Junglefowl","2011-2012",2012,-3.28804485398888,0.09479787794334
"229",21,"Red Junglefowl","2013",2013,-3.64267977396113,0.106794358048783
"230",21,"Red Junglefowl","2014",2014,-3.6069298133633,0.0877658950007187
"231",21,"Red Junglefowl","2015",2015,-3.48037819871782,0.0810594678400126
"232",21,"Red Junglefowl","2016",2016,-3.8069332330689,0.0774100030127829
"233",21,"Red Junglefowl","2017",2017,-3.2334761155264,0.0733782044979243
"234",21,"Red Junglefowl","2018",2018,-3.53737966509629,0.0699822948875397
"235",21,"Red Junglefowl","2019",2019,-3.58938233520578,0.0694793656960463
"236",21,"Red Junglefowl","2020",2020,-3.59530743771257,0.0682718705863719
"237",21,"Red Junglefowl","2021",2021,-3.52950631194947,0.0648250019676041
"238",21,"Red Junglefowl","2022",2022,-3.4701364722086,0.0654822524961417
"239",21,"Red Junglefowl","2023",2023,-3.34285216850677,0.0669864550527384
"240",21,"Red Junglefowl","2024",2024,-3.37867855056244,0.0678410107792633
"241",22,"Red Junglefowl","before 2000",1992,-3.56784444017381,0.0994180398298975
"242",22,"Red Junglefowl","2000-2006",2003,-3.31349205729051,0.0991092067040618
"243",22,"Red Junglefowl","2007-2010",2009,-3.2986941328382,0.0971386906233923
"244",22,"Red Junglefowl","2011-2012",2012,-3.29897703046535,0.0943327798028506
"245",22,"Red Junglefowl","2013",2013,-3.64318056667686,0.0980180579609475
"246",22,"Red Junglefowl","2014",2014,-3.60248079618745,0.0924120150908674
"247",22,"Red Junglefowl","2015",2015,-3.47626281518583,0.0815784364530526
"248",22,"Red Junglefowl","2016",2016,-3.81083507807489,0.0795026185448215
"249",22,"Red Junglefowl","2017",2017,-3.239474789711,0.0692629471917656
"250",22,"Red Junglefowl","2018",2018,-3.54010373185412,0.072021091759795
"251",22,"Red Junglefowl","2019",2019,-3.59379182294888,0.0716335665359528
"252",22,"Red Junglefowl","2020",2020,-3.59785590692922,0.0706381870944265
"253",22,"Red Junglefowl","2021",2021,-3.52964355254076,0.0695396881309546
"254",22,"Red Junglefowl","2022",2022,-3.46841395518319,0.0690158731899966
"255",22,"Red Junglefowl","2023",2023,-3.34556715862535,0.0668884263492946
"256",22,"Red Junglefowl","2024",2024,-3.37909629474934,0.0688686699034936
"257",23,"Red Junglefowl","before 2000",1992,-3.55762546873105,0.106684020560455
"258",23,"Red Junglefowl","2000-2006",2003,-3.32475995306559,0.0899676869223786
"259",23,"Red Junglefowl","2007-2010",2009,-3.29493371791955,0.09495786257855
"260",23,"Red Junglefowl","2011-2012",2012,-3.29663647852257,0.0939965215478412
"261",23,"Red Junglefowl","2013",2013,-3.64448600013543,0.0992476403338323
"262",23,"Red Junglefowl","2014",2014,-3.60578544142145,0.0907466000269703
"263",23,"Red Junglefowl","2015",2015,-3.48130878382256,0.0744464241146706
"264",23,"Red Junglefowl","2016",2016,-3.80769862998219,0.0780994275587632
"265",23,"Red Junglefowl","2017",2017,-3.24245016534579,0.0665332113512681
"266",23,"Red Junglefowl","2018",2018,-3.54026725681429,0.0697932993794718
"267",23,"Red Junglefowl","2019",2019,-3.59678246179238,0.0690552918339327
"268",23,"Red Junglefowl","2020",2020,-3.59566808576077,0.0707189472530947
"269",23,"Red Junglefowl","2021",2021,-3.53162957435227,0.067367431646589
"270",23,"Red Junglefowl","2022",2022,-3.47433059116753,0.0649866274851009
"271",23,"Red Junglefowl","2023",2023,-3.34605287862974,0.0668367163321267
"272",23,"Red Junglefowl","2024",2024,-3.38248393740806,0.0653190565139199
"273",24,"Red Junglefowl","before 2000",1992,-3.55986568317868,0.109536991244109
"274",24,"Red Junglefowl","2000-2006",2003,-3.30919025585416,0.0984240577012341
"275",24,"Red Junglefowl","2007-2010",2009,-3.30144870599174,0.0919512561305164
"276",24,"Red Junglefowl","2011-2012",2012,-3.28148390168334,0.104922048186207
"277",24,"Red Junglefowl","2013",2013,-3.63705101216993,0.103610808108519
"278",24,"Red Junglefowl","2014",2014,-3.60118744476322,0.0867194118894919
"279",24,"Red Junglefowl","2015",2015,-3.47022261837995,0.0800620368312429
"280",24,"Red Junglefowl","2016",2016,-3.80423389393517,0.0784143716223116
"281",24,"Red Junglefowl","2017",2017,-3.23600535765987,0.0679560660663924
"282",24,"Red Junglefowl","2018",2018,-3.53387467552975,0.0701197009368514
"283",24,"Red Junglefowl","2019",2019,-3.58418136746771,0.0691990929171996
"284",24,"Red Junglefowl","2020",2020,-3.58933794426258,0.0667343159611685
"285",24,"Red Junglefowl","2021",2021,-3.52660852126596,0.0680634978506172
"286",24,"Red Junglefowl","2022",2022,-3.46261081702087,0.0681960778343782
"287",24,"Red Junglefowl","2023",2023,-3.33751493979535,0.0658211982470224
"288",24,"Red Junglefowl","2024",2024,-3.37609765023839,0.0663132991572776
"289",25,"Red Junglefowl","before 2000",1992,-3.57687724280156,0.0992694792668936
"290",25,"Red Junglefowl","2000-2006",2003,-3.32052314152554,0.100518898860698
"291",25,"Red Junglefowl","2007-2010",2009,-3.29780193117724,0.0898453492749517
"292",25,"Red Junglefowl","2011-2012",2012,-3.30786303097673,0.0869522989479481
"293",25,"Red Junglefowl","2013",2013,-3.63811914183547,0.106428702249884
"294",25,"Red Junglefowl","2014",2014,-3.60646304834351,0.0977125040852622
"295",25,"Red Junglefowl","2015",2015,-3.47877274385144,0.0823180390653141
"296",25,"Red Junglefowl","2016",2016,-3.80337653671891,0.077971354415734
"297",25,"Red Junglefowl","2017",2017,-3.23971734226606,0.0684210444051332
"298",25,"Red Junglefowl","2018",2018,-3.53944594749554,0.0705037639094364
"299",25,"Red Junglefowl","2019",2019,-3.58928336395974,0.0753121894106925
"300",25,"Red Junglefowl","2020",2020,-3.59333210169281,0.0713918256498368
"301",25,"Red Junglefowl","2021",2021,-3.53061622980753,0.0689231779787045
"302",25,"Red Junglefowl","2022",2022,-3.46693578340984,0.0654666477700143
"303",25,"Red Junglefowl","2023",2023,-3.3427908280974,0.0652631352961633
"304",25,"Red Junglefowl","2024",2024,-3.37998849462258,0.0656841776409209
"305",26,"Red Junglefowl","before 2000",1992,-3.56711778151109,0.108961668791007
"306",26,"Red Junglefowl","2000-2006",2003,-3.31647423835567,0.0934875053761552
"307",26,"Red Junglefowl","2007-2010",2009,-3.29629409624366,0.0959795492073253
"308",26,"Red Junglefowl","2011-2012",2012,-3.30588423821829,0.0886390114868822
"309",26,"Red Junglefowl","2013",2013,-3.64469727932722,0.11227490695639
"310",26,"Red Junglefowl","2014",2014,-3.60760385586674,0.0977197993290336
"311",26,"Red Junglefowl","2015",2015,-3.48524718592799,0.0847265440737459
"312",26,"Red Junglefowl","2016",2016,-3.81224388394466,0.0809426693736877
"313",26,"Red Junglefowl","2017",2017,-3.24317521235056,0.0721212956128787
"314",26,"Red Junglefowl","2018",2018,-3.54540245923494,0.0738836125320533
"315",26,"Red Junglefowl","2019",2019,-3.59564274707636,0.0726072489639326
"316",26,"Red Junglefowl","2020",2020,-3.59891396249366,0.0694625033784246
"317",26,"Red Junglefowl","2021",2021,-3.53457879380086,0.0678337530153379
"318",26,"Red Junglefowl","2022",2022,-3.47717263045114,0.069277880343522
"319",26,"Red Junglefowl","2023",2023,-3.34669881661806,0.0689685352575997
"320",26,"Red Junglefowl","2024",2024,-3.38480409690267,0.0692918272727661
"321",27,"Red Junglefowl","before 2000",1992,-3.57166101301716,0.102279746790823
"322",27,"Red Junglefowl","2000-2006",2003,-3.32377175561214,0.0878721381695963
"323",27,"Red Junglefowl","2007-2010",2009,-3.30230534821009,0.0892555654936757
"324",27,"Red Junglefowl","2011-2012",2012,-3.30152256645518,0.0899433369270582
"325",27,"Red Junglefowl","2013",2013,-3.65530576419488,0.0983979518548034
"326",27,"Red Junglefowl","2014",2014,-3.60788523112943,0.0884446239460309
"327",27,"Red Junglefowl","2015",2015,-3.48168072738504,0.0760225453452963
"328",27,"Red Junglefowl","2016",2016,-3.81346324673768,0.0759105921914023
"329",27,"Red Junglefowl","2017",2017,-3.24371701677342,0.0637322727943882
"330",27,"Red Junglefowl","2018",2018,-3.5414512128259,0.0690574207997466
"331",27,"Red Junglefowl","2019",2019,-3.59250743143691,0.0663957557469358
"332",27,"Red Junglefowl","2020",2020,-3.59859226160538,0.0678175166284276
"333",27,"Red Junglefowl","2021",2021,-3.53480584385137,0.0641376395355557
"334",27,"Red Junglefowl","2022",2022,-3.47440836412227,0.0628078295070971
"335",27,"Red Junglefowl","2023",2023,-3.34606000227041,0.0624000311668668
"336",27,"Red Junglefowl","2024",2024,-3.38332694681837,0.0635956341339783
"337",28,"Red Junglefowl","before 2000",1992,-3.56047662317604,0.109541245259114
"338",28,"Red Junglefowl","2000-2006",2003,-3.32692059785932,0.0943488565339534
"339",28,"Red Junglefowl","2007-2010",2009,-3.30228180100444,0.0942678683713978
"340",28,"Red Junglefowl","2011-2012",2012,-3.29687316256458,0.1019001221381
"341",28,"Red Junglefowl","2013",2013,-3.65864303174858,0.103161850823581
"342",28,"Red Junglefowl","2014",2014,-3.61256676205181,0.0912882586269416
"343",28,"Red Junglefowl","2015",2015,-3.47719122024654,0.0832663346810555
"344",28,"Red Junglefowl","2016",2016,-3.81110390023689,0.0799919012094154
"345",28,"Red Junglefowl","2017",2017,-3.24310059905076,0.0672843269971756
"346",28,"Red Junglefowl","2018",2018,-3.54136094126729,0.0714061593826965
"347",28,"Red Junglefowl","2019",2019,-3.59346339171009,0.0744164427802896
"348",28,"Red Junglefowl","2020",2020,-3.59902399387708,0.0725368230103504
"349",28,"Red Junglefowl","2021",2021,-3.53457828474195,0.066755553282783
"350",28,"Red Junglefowl","2022",2022,-3.47015478319952,0.0672973089714397
"351",28,"Red Junglefowl","2023",2023,-3.34845238757987,0.065691575073386
"352",28,"Red Junglefowl","2024",2024,-3.38020268027962,0.0687765523040431
"353",29,"Red Junglefowl","before 2000",1992,-3.56396688466965,0.10383703020476
"354",29,"Red Junglefowl","2000-2006",2003,-3.32410924966611,0.0879822232568547
"355",29,"Red Junglefowl","2007-2010",2009,-3.29376893121097,0.098487971035135
"356",29,"Red Junglefowl","2011-2012",2012,-3.29564743852919,0.0912453094830205
"357",29,"Red Junglefowl","2013",2013,-3.64564197713533,0.0965650158479063
"358",29,"Red Junglefowl","2014",2014,-3.61147079258346,0.0885151759405128
"359",29,"Red Junglefowl","2015",2015,-3.4838947314498,0.0791489924138289
"360",29,"Red Junglefowl","2016",2016,-3.8115590514906,0.0760647239348691
"361",29,"Red Junglefowl","2017",2017,-3.24246129775079,0.0658120195806901
"362",29,"Red Junglefowl","2018",2018,-3.54183199358518,0.0675148787824044
"363",29,"Red Junglefowl","2019",2019,-3.59548069820481,0.071995514618744
"364",29,"Red Junglefowl","2020",2020,-3.60085304190288,0.064308265684855
"365",29,"Red Junglefowl","2021",2021,-3.53599009395217,0.0670321741205637
"366",29,"Red Junglefowl","2022",2022,-3.47469985242305,0.064548623785434
"367",29,"Red Junglefowl","2023",2023,-3.34940849144722,0.0640455418859388
"368",29,"Red Junglefowl","2024",2024,-3.38325753343953,0.0671119794074302
"369",3,"Red Junglefowl","before 2000",1992,-3.53024012061109,0.105960577074311
"370",3,"Red Junglefowl","2000-2006",2003,-3.34769785368024,0.0888727202061961
"371",3,"Red Junglefowl","2007-2010",2009,-3.33941145315843,0.0967184136169903
"372",3,"Red Junglefowl","2011-2012",2012,-3.36163258089657,0.100327494229651
"373",3,"Red Junglefowl","2013",2013,-3.67923512355754,0.0967636049776081
"374",3,"Red Junglefowl","2014",2014,-3.66685369456089,0.0991112170051671
"375",3,"Red Junglefowl","2015",2015,-3.50354059409232,0.0797309685606983
"376",3,"Red Junglefowl","2016",2016,-3.79586048808252,0.0820174297536318
"377",3,"Red Junglefowl","2017",2017,-3.2664046936452,0.0716368246886631
"378",3,"Red Junglefowl","2018",2018,-3.55166246739059,0.0743750824500301
"379",3,"Red Junglefowl","2019",2019,-3.61187601957963,0.0733461683078596
"380",3,"Red Junglefowl","2020",2020,-3.60136462271861,0.0729524132510565
"381",3,"Red Junglefowl","2021",2021,-3.55674235358009,0.0678095596049337
"382",3,"Red Junglefowl","2022",2022,-3.49004371315109,0.0722540947750548
"383",3,"Red Junglefowl","2023",2023,-3.36190031778391,0.0675337536727229
"384",3,"Red Junglefowl","2024",2024,-3.39217010637116,0.070656052906248
"385",30,"Red Junglefowl","before 2000",1992,-3.56455734605876,0.109062368046757
"386",30,"Red Junglefowl","2000-2006",2003,-3.327204263673,0.0997894031716203
"387",30,"Red Junglefowl","2007-2010",2009,-3.29701564716078,0.103435290153144
"388",30,"Red Junglefowl","2011-2012",2012,-3.29618554753308,0.0914369520997542
"389",30,"Red Junglefowl","2013",2013,-3.63231590635085,0.107016366915862
"390",30,"Red Junglefowl","2014",2014,-3.60332234759472,0.0906059529485198
"391",30,"Red Junglefowl","2015",2015,-3.4797406485376,0.0845468681357928
"392",30,"Red Junglefowl","2016",2016,-3.80755260918102,0.0864636855209235
"393",30,"Red Junglefowl","2017",2017,-3.23796765579608,0.0728994516699024
"394",30,"Red Junglefowl","2018",2018,-3.5419668177703,0.0720562741318502
"395",30,"Red Junglefowl","2019",2019,-3.58838451802783,0.0748988500624576
"396",30,"Red Junglefowl","2020",2020,-3.59426374306427,0.0723185002393505
"397",30,"Red Junglefowl","2021",2021,-3.53045855617079,0.0701724853878891
"398",30,"Red Junglefowl","2022",2022,-3.46761863204443,0.0756950208543844
"399",30,"Red Junglefowl","2023",2023,-3.34184047503945,0.0753462766912819
"400",30,"Red Junglefowl","2024",2024,-3.37770751252145,0.0748294198523295
"401",31,"Red Junglefowl","before 2000",1992,-3.57327627467081,0.102534029672287
"402",31,"Red Junglefowl","2000-2006",2003,-3.32664957831235,0.095586039065065
"403",31,"Red Junglefowl","2007-2010",2009,-3.30724038635249,0.0976983166413491
"404",31,"Red Junglefowl","2011-2012",2012,-3.31011180538383,0.0908154188438541
"405",31,"Red Junglefowl","2013",2013,-3.64834119118371,0.109098300667842
"406",31,"Red Junglefowl","2014",2014,-3.62108369212532,0.0861742441140628
"407",31,"Red Junglefowl","2015",2015,-3.48767316933792,0.0750844154080803
"408",31,"Red Junglefowl","2016",2016,-3.81608180550392,0.0778814995903754
"409",31,"Red Junglefowl","2017",2017,-3.24573284533315,0.0691211865982264
"410",31,"Red Junglefowl","2018",2018,-3.54786520072676,0.0735955863269858
"411",31,"Red Junglefowl","2019",2019,-3.60052059091937,0.0738306396268879
"412",31,"Red Junglefowl","2020",2020,-3.60377599623756,0.0679878501929672
"413",31,"Red Junglefowl","2021",2021,-3.53932246139571,0.0663547323282596
"414",31,"Red Junglefowl","2022",2022,-3.48160286500815,0.0641727479517886
"415",31,"Red Junglefowl","2023",2023,-3.35238224772202,0.0668145282003787
"416",31,"Red Junglefowl","2024",2024,-3.38891565140845,0.0651215440491961
"417",32,"Red Junglefowl","before 2000",1992,-3.56709100198312,0.0963247325453253
"418",32,"Red Junglefowl","2000-2006",2003,-3.31854524507791,0.104062242853503
"419",32,"Red Junglefowl","2007-2010",2009,-3.30598616399331,0.0898595842332057
"420",32,"Red Junglefowl","2011-2012",2012,-3.29950951648388,0.0929215729198469
"421",32,"Red Junglefowl","2013",2013,-3.65373854195669,0.103337650182893
"422",32,"Red Junglefowl","2014",2014,-3.61145886851133,0.0866011005949547
"423",32,"Red Junglefowl","2015",2015,-3.48237064295524,0.0788751276957363
"424",32,"Red Junglefowl","2016",2016,-3.81029774548477,0.0761618274555881
"425",32,"Red Junglefowl","2017",2017,-3.24182544122419,0.0674199148999143
"426",32,"Red Junglefowl","2018",2018,-3.54439019602806,0.0704573260967519
"427",32,"Red Junglefowl","2019",2019,-3.59471545259976,0.0741185531034458
"428",32,"Red Junglefowl","2020",2020,-3.59842485723275,0.0674646854068869
"429",32,"Red Junglefowl","2021",2021,-3.53063164495725,0.0699635028498738
"430",32,"Red Junglefowl","2022",2022,-3.4743177271931,0.0693304887658761
"431",32,"Red Junglefowl","2023",2023,-3.34614887149276,0.0686963988192671
"432",32,"Red Junglefowl","2024",2024,-3.38368636972249,0.0650833416003924
"433",33,"Red Junglefowl","before 2000",1992,-3.57149920562726,0.109107632780878
"434",33,"Red Junglefowl","2000-2006",2003,-3.32134146993123,0.0933139536082227
"435",33,"Red Junglefowl","2007-2010",2009,-3.30800979762006,0.0986749823934802
"436",33,"Red Junglefowl","2011-2012",2012,-3.29750321208763,0.0931051123099692
"437",33,"Red Junglefowl","2013",2013,-3.64158128377569,0.104882539407686
"438",33,"Red Junglefowl","2014",2014,-3.60316348081548,0.095093754910653
"439",33,"Red Junglefowl","2015",2015,-3.47700103610329,0.0860457003532161
"440",33,"Red Junglefowl","2016",2016,-3.80959102091801,0.0782354618146757
"441",33,"Red Junglefowl","2017",2017,-3.24542584359713,0.0655633124349497
"442",33,"Red Junglefowl","2018",2018,-3.54331203054597,0.0685815175101759
"443",33,"Red Junglefowl","2019",2019,-3.59604092788213,0.0702288659013067
"444",33,"Red Junglefowl","2020",2020,-3.59690922903821,0.0699013406865633
"445",33,"Red Junglefowl","2021",2021,-3.53375527103285,0.0687232671629052
"446",33,"Red Junglefowl","2022",2022,-3.47471406508585,0.0631516667587697
"447",33,"Red Junglefowl","2023",2023,-3.34960193245968,0.0641871321950314
"448",33,"Red Junglefowl","2024",2024,-3.38571379523924,0.0662725860429229
"449",34,"Red Junglefowl","before 2000",1992,-3.56770134070664,0.108482684243481
"450",34,"Red Junglefowl","2000-2006",2003,-3.31440693969453,0.101332239601871
"451",34,"Red Junglefowl","2007-2010",2009,-3.29964798021027,0.0935629831378175
"452",34,"Red Junglefowl","2011-2012",2012,-3.30256735818162,0.0881671678691055
"453",34,"Red Junglefowl","2013",2013,-3.64658316643267,0.0988569537133658
"454",34,"Red Junglefowl","2014",2014,-3.61073790695055,0.0849994647245488
"455",34,"Red Junglefowl","2015",2015,-3.47914206709977,0.086299522466381
"456",34,"Red Junglefowl","2016",2016,-3.80958117982938,0.0779277387628236
"457",34,"Red Junglefowl","2017",2017,-3.24314482827233,0.0666205335684573
"458",34,"Red Junglefowl","2018",2018,-3.54190558722376,0.0690591589305812
"459",34,"Red Junglefowl","2019",2019,-3.59648643693242,0.0681049711467374
"460",34,"Red Junglefowl","2020",2020,-3.59927027201191,0.0704722760989771
"461",34,"Red Junglefowl","2021",2021,-3.53246882211641,0.0682379163849631
"462",34,"Red Junglefowl","2022",2022,-3.47110036515219,0.0682803470331511
"463",34,"Red Junglefowl","2023",2023,-3.34556282623811,0.0643767897044389
"464",34,"Red Junglefowl","2024",2024,-3.3827872024878,0.0635420084242778
"465",35,"Red Junglefowl","before 2000",1992,-3.57142946615521,0.098278936021182
"466",35,"Red Junglefowl","2000-2006",2003,-3.31737654171589,0.0969838083275864
"467",35,"Red Junglefowl","2007-2010",2009,-3.29679314606747,0.0898608678971351
"468",35,"Red Junglefowl","2011-2012",2012,-3.28824865777355,0.0920658601753838
"469",35,"Red Junglefowl","2013",2013,-3.6431189296912,0.098242096445758
"470",35,"Red Junglefowl","2014",2014,-3.60446888777591,0.0819744763126501
"471",35,"Red Junglefowl","2015",2015,-3.47505290462128,0.0797423731939806
"472",35,"Red Junglefowl","2016",2016,-3.81035595169682,0.0762185385915828
"473",35,"Red Junglefowl","2017",2017,-3.2379953264567,0.0667974305916613
"474",35,"Red Junglefowl","2018",2018,-3.53705682618652,0.0699183731880682
"475",35,"Red Junglefowl","2019",2019,-3.59170784851061,0.0686686118869603
"476",35,"Red Junglefowl","2020",2020,-3.59482353751388,0.0708778679129026
"477",35,"Red Junglefowl","2021",2021,-3.5277425944926,0.0666635451512667
"478",35,"Red Junglefowl","2022",2022,-3.46954934855202,0.0688404719288349
"479",35,"Red Junglefowl","2023",2023,-3.34206270159725,0.0669369858362802
"480",35,"Red Junglefowl","2024",2024,-3.37896153821692,0.0658103037161083
"481",36,"Red Junglefowl","before 2000",1992,-3.56928059486337,0.104239889100038
"482",36,"Red Junglefowl","2000-2006",2003,-3.31855983224727,0.101915592893188
"483",36,"Red Junglefowl","2007-2010",2009,-3.30721358597811,0.0850261997199391
"484",36,"Red Junglefowl","2011-2012",2012,-3.29234196092226,0.103633418900282
"485",36,"Red Junglefowl","2013",2013,-3.64197757266505,0.112176951983152
"486",36,"Red Junglefowl","2014",2014,-3.61084441575435,0.0949041215902071
"487",36,"Red Junglefowl","2015",2015,-3.47732372733055,0.0802165947097756
"488",36,"Red Junglefowl","2016",2016,-3.80980702794956,0.0764095442834801
"489",36,"Red Junglefowl","2017",2017,-3.23696069335339,0.0706581848703307
"490",36,"Red Junglefowl","2018",2018,-3.539172963746,0.0692359724001954
"491",36,"Red Junglefowl","2019",2019,-3.59405817100306,0.0701246374009018
"492",36,"Red Junglefowl","2020",2020,-3.59938565122438,0.0665894321297431
"493",36,"Red Junglefowl","2021",2021,-3.53112863422699,0.0675051859076365
"494",36,"Red Junglefowl","2022",2022,-3.47127674301506,0.0687302592190798
"495",36,"Red Junglefowl","2023",2023,-3.34564372620095,0.0658292044844985
"496",36,"Red Junglefowl","2024",2024,-3.37981183616417,0.0677095490011543
"497",37,"Red Junglefowl","before 2000",1992,-3.55711180936492,0.109893893457131
"498",37,"Red Junglefowl","2000-2006",2003,-3.32556701848311,0.0937174927622896
"499",37,"Red Junglefowl","2007-2010",2009,-3.29541722327046,0.100814057400096
"500",37,"Red Junglefowl","2011-2012",2012,-3.29513681032212,0.0950547280906617
"501",37,"Red Junglefowl","2013",2013,-3.65035357419286,0.0998426580352973
"502",37,"Red Junglefowl","2014",2014,-3.60383253484173,0.0912970198583398
"503",37,"Red Junglefowl","2015",2015,-3.48216580148733,0.0800148417440721
"504",37,"Red Junglefowl","2016",2016,-3.81385000451698,0.0765541557674216
"505",37,"Red Junglefowl","2017",2017,-3.2408952587892,0.071121722917203
"506",37,"Red Junglefowl","2018",2018,-3.53690598204408,0.0733473555386506
"507",37,"Red Junglefowl","2019",2019,-3.59302437629228,0.0676114781454721
"508",37,"Red Junglefowl","2020",2020,-3.5977807265487,0.0688270083663546
"509",37,"Red Junglefowl","2021",2021,-3.52815479837152,0.0674919578090558
"510",37,"Red Junglefowl","2022",2022,-3.47102576801447,0.0667234515142364
"511",37,"Red Junglefowl","2023",2023,-3.34515150947835,0.0625786152917349
"512",37,"Red Junglefowl","2024",2024,-3.37963734323195,0.0665879921283606
"513",38,"Red Junglefowl","before 2000",1992,-3.56377523350068,0.099686312769539
"514",38,"Red Junglefowl","2000-2006",2003,-3.32541548047781,0.0915556345245617
"515",38,"Red Junglefowl","2007-2010",2009,-3.29607703431867,0.094460900387999
"516",38,"Red Junglefowl","2011-2012",2012,-3.29144493801199,0.0909559716310308
"517",38,"Red Junglefowl","2013",2013,-3.6483345625039,0.0940176776666479
"518",38,"Red Junglefowl","2014",2014,-3.60348484636746,0.0949105556402973
"519",38,"Red Junglefowl","2015",2015,-3.46655834714883,0.0880407478549544
"520",38,"Red Junglefowl","2016",2016,-3.80910622588089,0.0730289183312837
"521",38,"Red Junglefowl","2017",2017,-3.23641976121181,0.0620503788498959
"522",38,"Red Junglefowl","2018",2018,-3.53788688697721,0.0664408922952866
"523",38,"Red Junglefowl","2019",2019,-3.59021620069788,0.0670362732065876
"524",38,"Red Junglefowl","2020",2020,-3.59213592112895,0.0689246724250784
"525",38,"Red Junglefowl","2021",2021,-3.52662619671331,0.0652080035121896
"526",38,"Red Junglefowl","2022",2022,-3.46352597472694,0.0683571991373159
"527",38,"Red Junglefowl","2023",2023,-3.34098002954335,0.0609129483312203
"528",38,"Red Junglefowl","2024",2024,-3.37601844725816,0.0615473161483967
"529",39,"Red Junglefowl","before 2000",1992,-3.56938106685943,0.110138548037109
"530",39,"Red Junglefowl","2000-2006",2003,-3.32694261047069,0.0942677130058381
"531",39,"Red Junglefowl","2007-2010",2009,-3.29996951109006,0.0960360177959395
"532",39,"Red Junglefowl","2011-2012",2012,-3.29634376009062,0.093557854198968
"533",39,"Red Junglefowl","2013",2013,-3.64484079477236,0.109666193984543
"534",39,"Red Junglefowl","2014",2014,-3.6181532026274,0.0859922366993409
"535",39,"Red Junglefowl","2015",2015,-3.47922108928957,0.0849623251372653
"536",39,"Red Junglefowl","2016",2016,-3.80708422138189,0.0798188509583985
"537",39,"Red Junglefowl","2017",2017,-3.2423189776549,0.0678098730584765
"538",39,"Red Junglefowl","2018",2018,-3.54204579925512,0.0729264173795097
"539",39,"Red Junglefowl","2019",2019,-3.59654454544718,0.067116975390054
"540",39,"Red Junglefowl","2020",2020,-3.59844262220698,0.0689997914734053
"541",39,"Red Junglefowl","2021",2021,-3.53147691118765,0.0720085723117548
"542",39,"Red Junglefowl","2022",2022,-3.47401272752775,0.0664757464495221
"543",39,"Red Junglefowl","2023",2023,-3.3469503540219,0.0692751386388001
"544",39,"Red Junglefowl","2024",2024,-3.38277301575007,0.0671727108744359
"545",4,"Red Junglefowl","before 2000",1992,-3.5383887060165,0.101788671582146
"546",4,"Red Junglefowl","2000-2006",2003,-3.3254604300901,0.0934162350202575
"547",4,"Red Junglefowl","2007-2010",2009,-3.33151531940934,0.0972913088983889
"548",4,"Red Junglefowl","2011-2012",2012,-3.34151610238009,0.0982597301333991
"549",4,"Red Junglefowl","2013",2013,-3.68061690447019,0.103366264620584
"550",4,"Red Junglefowl","2014",2014,-3.632220378566,0.0919788605618571
"551",4,"Red Junglefowl","2015",2015,-3.48960987503253,0.0821936595190894
"552",4,"Red Junglefowl","2016",2016,-3.81315816843148,0.0809713900533465
"553",4,"Red Junglefowl","2017",2017,-3.24338848865123,0.070000600905619
"554",4,"Red Junglefowl","2018",2018,-3.55318026935491,0.0732250123555875
"555",4,"Red Junglefowl","2019",2019,-3.60298963841294,0.0679406155835891
"556",4,"Red Junglefowl","2020",2020,-3.59266557166991,0.0684985389019436
"557",4,"Red Junglefowl","2021",2021,-3.5325855428583,0.0661228822376443
"558",4,"Red Junglefowl","2022",2022,-3.47688888165364,0.0687586104587091
"559",4,"Red Junglefowl","2023",2023,-3.35247763636901,0.0653900522102157
"560",4,"Red Junglefowl","2024",2024,-3.38087883072752,0.0676259626472785
"561",40,"Red Junglefowl","before 2000",1992,-3.56662027344534,0.115630664884761
"562",40,"Red Junglefowl","2000-2006",2003,-3.33724813975131,0.0973635452918101
"563",40,"Red Junglefowl","2007-2010",2009,-3.31565736361688,0.0964561217303345
"564",40,"Red Junglefowl","2011-2012",2012,-3.30301788711525,0.100173696698934
"565",40,"Red Junglefowl","2013",2013,-3.64946260800887,0.109397132581799
"566",40,"Red Junglefowl","2014",2014,-3.61944199212916,0.0949167643980892
"567",40,"Red Junglefowl","2015",2015,-3.48762027950081,0.085863096319543
"568",40,"Red Junglefowl","2016",2016,-3.818232727877,0.0835209547823466
"569",40,"Red Junglefowl","2017",2017,-3.24799680833004,0.0703840738000272
"570",40,"Red Junglefowl","2018",2018,-3.5484974978427,0.073252333622331
"571",40,"Red Junglefowl","2019",2019,-3.60033573669005,0.0698546882475735
"572",40,"Red Junglefowl","2020",2020,-3.60642886269199,0.0682352890189895
"573",40,"Red Junglefowl","2021",2021,-3.53989647904084,0.0688785618684092
"574",40,"Red Junglefowl","2022",2022,-3.47676638206825,0.0690371568455528
"575",40,"Red Junglefowl","2023",2023,-3.35179716789063,0.070373725655538
"576",40,"Red Junglefowl","2024",2024,-3.39016176958384,0.0693768089653946
"577",41,"Red Junglefowl","before 2000",1992,-3.56708370302175,0.102104604998711
"578",41,"Red Junglefowl","2000-2006",2003,-3.33068735724206,0.0918186786928482
"579",41,"Red Junglefowl","2007-2010",2009,-3.30388053668888,0.0971661255298883
"580",41,"Red Junglefowl","2011-2012",2012,-3.30660891875199,0.0952213870375946
"581",41,"Red Junglefowl","2013",2013,-3.65464331430614,0.0980919236548158
"582",41,"Red Junglefowl","2014",2014,-3.61436959473617,0.0922403660903298
"583",41,"Red Junglefowl","2015",2015,-3.48493857459866,0.0812042915139997
"584",41,"Red Junglefowl","2016",2016,-3.81375702592091,0.0739187125873523
"585",41,"Red Junglefowl","2017",2017,-3.24240571599639,0.0712337807870967
"586",41,"Red Junglefowl","2018",2018,-3.5413682124692,0.0697365855205813
"587",41,"Red Junglefowl","2019",2019,-3.59612359985745,0.0685357829233963
"588",41,"Red Junglefowl","2020",2020,-3.60041342747621,0.0727368481970873
"589",41,"Red Junglefowl","2021",2021,-3.53342556811434,0.0687339985703973
"590",41,"Red Junglefowl","2022",2022,-3.47214964293424,0.0647878610222662
"591",41,"Red Junglefowl","2023",2023,-3.3444180494478,0.0668457548645234
"592",41,"Red Junglefowl","2024",2024,-3.38162627123087,0.0670914182234138
"593",42,"Red Junglefowl","before 2000",1992,-3.55338197738465,0.11473255816612
"594",42,"Red Junglefowl","2000-2006",2003,-3.31404950344156,0.104010474361295
"595",42,"Red Junglefowl","2007-2010",2009,-3.29520981004727,0.0965776058296961
"596",42,"Red Junglefowl","2011-2012",2012,-3.29016037549067,0.0924532941608243
"597",42,"Red Junglefowl","2013",2013,-3.64010586139275,0.0985329522441436
"598",42,"Red Junglefowl","2014",2014,-3.60976270159355,0.0860240980720035
"599",42,"Red Junglefowl","2015",2015,-3.47461059708211,0.0832043693656486
"600",42,"Red Junglefowl","2016",2016,-3.80809077858166,0.0746737278803833
"601",42,"Red Junglefowl","2017",2017,-3.23652344799088,0.0692634636942746
"602",42,"Red Junglefowl","2018",2018,-3.53631587474688,0.0744966938317967
"603",42,"Red Junglefowl","2019",2019,-3.59049287072136,0.0718394725013739
"604",42,"Red Junglefowl","2020",2020,-3.59284467481444,0.074257702853866
"605",42,"Red Junglefowl","2021",2021,-3.53060677186194,0.0676027625526818
"606",42,"Red Junglefowl","2022",2022,-3.46906629769285,0.070130154455867
"607",42,"Red Junglefowl","2023",2023,-3.3445595345989,0.0708212725576517
"608",42,"Red Junglefowl","2024",2024,-3.3792021064143,0.0709230094503239
"609",43,"Red Junglefowl","before 2000",1992,-3.56598741348966,0.102491387977424
"610",43,"Red Junglefowl","2000-2006",2003,-3.31937551600711,0.103186616978623
"611",43,"Red Junglefowl","2007-2010",2009,-3.30471251255524,0.0857549452016106
"612",43,"Red Junglefowl","2011-2012",2012,-3.29612811912297,0.0894665008197393
"613",43,"Red Junglefowl","2013",2013,-3.64454537797216,0.103663734398741
"614",43,"Red Junglefowl","2014",2014,-3.6074433869333,0.0913573114241776
"615",43,"Red Junglefowl","2015",2015,-3.47932870978131,0.0768077085111623
"616",43,"Red Junglefowl","2016",2016,-3.8093836593868,0.0711554498280181
"617",43,"Red Junglefowl","2017",2017,-3.2412359836904,0.0667767645043892
"618",43,"Red Junglefowl","2018",2018,-3.53948143585734,0.0648533731063241
"619",43,"Red Junglefowl","2019",2019,-3.59055438945729,0.0703649919452888
"620",43,"Red Junglefowl","2020",2020,-3.59753527989939,0.0674947751203727
"621",43,"Red Junglefowl","2021",2021,-3.52709517736894,0.0698696318453141
"622",43,"Red Junglefowl","2022",2022,-3.46892639229418,0.0645786520039947
"623",43,"Red Junglefowl","2023",2023,-3.34100660931091,0.0649729287825861
"624",43,"Red Junglefowl","2024",2024,-3.37699345776405,0.0635024270629515
"625",44,"Red Junglefowl","before 2000",1992,-3.57275119182167,0.107306319238223
"626",44,"Red Junglefowl","2000-2006",2003,-3.31304509699011,0.103950701029457
"627",44,"Red Junglefowl","2007-2010",2009,-3.28989469249407,0.0953547689378396
"628",44,"Red Junglefowl","2011-2012",2012,-3.2914590845581,0.0937321338173117
"629",44,"Red Junglefowl","2013",2013,-3.64799472703518,0.0955150120795725
"630",44,"Red Junglefowl","2014",2014,-3.60301522567988,0.0897872605738433
"631",44,"Red Junglefowl","2015",2015,-3.47139767952684,0.0843097530759925
"632",44,"Red Junglefowl","2016",2016,-3.80739150925044,0.0820081284962986
"633",44,"Red Junglefowl","2017",2017,-3.24021384754445,0.0699625475815081
"634",44,"Red Junglefowl","2018",2018,-3.54081627249865,0.0706646047641094
"635",44,"Red Junglefowl","2019",2019,-3.59092580102776,0.0690376078536317
"636",44,"Red Junglefowl","2020",2020,-3.59360473439379,0.0698502845315166
"637",44,"Red Junglefowl","2021",2021,-3.53210763230252,0.0672958329012183
"638",44,"Red Junglefowl","2022",2022,-3.46870202677616,0.0677850111889449
"639",44,"Red Junglefowl","2023",2023,-3.34292808002885,0.067480878994632
"640",44,"Red Junglefowl","2024",2024,-3.37931154561743,0.0672520151253314
"641",45,"Red Junglefowl","before 2000",1992,-3.56842343943204,0.102003181909988
"642",45,"Red Junglefowl","2000-2006",2003,-3.32499934843903,0.0975763608730678
"643",45,"Red Junglefowl","2007-2010",2009,-3.30440320532345,0.0949438697407969
"644",45,"Red Junglefowl","2011-2012",2012,-3.3006519616635,0.0949320340095536
"645",45,"Red Junglefowl","2013",2013,-3.64426910314406,0.101818040760522
"646",45,"Red Junglefowl","2014",2014,-3.60731873000087,0.0957911068463606
"647",45,"Red Junglefowl","2015",2015,-3.4761100856816,0.0839800316170146
"648",45,"Red Junglefowl","2016",2016,-3.81447259846136,0.0773440422312967
"649",45,"Red Junglefowl","2017",2017,-3.24231179832526,0.0658433873958472
"650",45,"Red Junglefowl","2018",2018,-3.54281541969313,0.0709722536460738
"651",45,"Red Junglefowl","2019",2019,-3.59278664211971,0.0660862039445032
"652",45,"Red Junglefowl","2020",2020,-3.59804370311142,0.0704264844581088
"653",45,"Red Junglefowl","2021",2021,-3.53307925327884,0.0676258724312432
"654",45,"Red Junglefowl","2022",2022,-3.47072656332988,0.0702646227378936
"655",45,"Red Junglefowl","2023",2023,-3.34757551054664,0.0630553248947289
"656",45,"Red Junglefowl","2024",2024,-3.38209798067958,0.0659086241884548
"657",46,"Red Junglefowl","before 2000",1992,-3.57930547213811,0.11182337963838
"658",46,"Red Junglefowl","2000-2006",2003,-3.33092012655799,0.0935992796956412
"659",46,"Red Junglefowl","2007-2010",2009,-3.2940347365759,0.0995179593077805
"660",46,"Red Junglefowl","2011-2012",2012,-3.2926308967902,0.0961498102999671
"661",46,"Red Junglefowl","2013",2013,-3.64545676191416,0.10980118739023
"662",46,"Red Junglefowl","2014",2014,-3.60864443083248,0.0942828148564547
"663",46,"Red Junglefowl","2015",2015,-3.48580290610512,0.0819233312330188
"664",46,"Red Junglefowl","2016",2016,-3.80993655958146,0.0759424923012719
"665",46,"Red Junglefowl","2017",2017,-3.24124668578107,0.0694656193864461
"666",46,"Red Junglefowl","2018",2018,-3.54148193299319,0.071272497306556
"667",46,"Red Junglefowl","2019",2019,-3.59809655359658,0.068032689134521
"668",46,"Red Junglefowl","2020",2020,-3.59861581024008,0.0691281330696286
"669",46,"Red Junglefowl","2021",2021,-3.5333661787231,0.0672476687726442
"670",46,"Red Junglefowl","2022",2022,-3.47228203995971,0.0669280521417047
"671",46,"Red Junglefowl","2023",2023,-3.34313776963672,0.0707058003367586
"672",46,"Red Junglefowl","2024",2024,-3.37979025794859,0.07068017872312
"673",47,"Red Junglefowl","before 2000",1992,-3.56849086437184,0.102557550784824
"674",47,"Red Junglefowl","2000-2006",2003,-3.32447054682246,0.0932972974783571
"675",47,"Red Junglefowl","2007-2010",2009,-3.30492934643759,0.0997739549477515
"676",47,"Red Junglefowl","2011-2012",2012,-3.28301042199224,0.0970086572096792
"677",47,"Red Junglefowl","2013",2013,-3.64625863978529,0.10599302024091
"678",47,"Red Junglefowl","2014",2014,-3.61039592109636,0.0933664703152115
"679",47,"Red Junglefowl","2015",2015,-3.4858465538138,0.0795598701560506
"680",47,"Red Junglefowl","2016",2016,-3.80171878982865,0.0822051680449541
"681",47,"Red Junglefowl","2017",2017,-3.23474573669278,0.0753222938484084
"682",47,"Red Junglefowl","2018",2018,-3.53759061921335,0.0761863605409037
"683",47,"Red Junglefowl","2019",2019,-3.58999222939288,0.0703717907144391
"684",47,"Red Junglefowl","2020",2020,-3.5952375825369,0.0746650725800481
"685",47,"Red Junglefowl","2021",2021,-3.52825645000517,0.0731143835153325
"686",47,"Red Junglefowl","2022",2022,-3.46733488256751,0.0714364762149304
"687",47,"Red Junglefowl","2023",2023,-3.34554529566471,0.0684675305907225
"688",47,"Red Junglefowl","2024",2024,-3.3796698408463,0.0690711406136555
"689",48,"Red Junglefowl","before 2000",1992,-3.56093949993789,0.110646018566426
"690",48,"Red Junglefowl","2000-2006",2003,-3.32150201804867,0.0992627726617716
"691",48,"Red Junglefowl","2007-2010",2009,-3.31191160578612,0.0953407548940064
"692",48,"Red Junglefowl","2011-2012",2012,-3.30532597970351,0.0919618537496756
"693",48,"Red Junglefowl","2013",2013,-3.64949267885613,0.0975471228859258
"694",48,"Red Junglefowl","2014",2014,-3.61135008136803,0.0903037023516627
"695",48,"Red Junglefowl","2015",2015,-3.47966856426303,0.0786244886964618
"696",48,"Red Junglefowl","2016",2016,-3.81554395913914,0.0768480914869025
"697",48,"Red Junglefowl","2017",2017,-3.24460847825118,0.0669464750091109
"698",48,"Red Junglefowl","2018",2018,-3.54428990604848,0.073487655413351
"699",48,"Red Junglefowl","2019",2019,-3.59617976982195,0.0707106246568443
"700",48,"Red Junglefowl","2020",2020,-3.59891664208017,0.0727954514368528
"701",48,"Red Junglefowl","2021",2021,-3.53434532507713,0.0684696476226505
"702",48,"Red Junglefowl","2022",2022,-3.47431467831358,0.066584413405102
"703",48,"Red Junglefowl","2023",2023,-3.34972197854968,0.0647672529215273
"704",48,"Red Junglefowl","2024",2024,-3.38539956287258,0.0649849043893901
"705",49,"Red Junglefowl","before 2000",1992,-3.57083655876222,0.11098874894548
"706",49,"Red Junglefowl","2000-2006",2003,-3.32846049433105,0.0904640311373114
"707",49,"Red Junglefowl","2007-2010",2009,-3.30663587496075,0.0879833698189824
"708",49,"Red Junglefowl","2011-2012",2012,-3.30067021200313,0.100176813753032
"709",49,"Red Junglefowl","2013",2013,-3.65448149327134,0.0997364479190609
"710",49,"Red Junglefowl","2014",2014,-3.61023955202665,0.0867547875787946
"711",49,"Red Junglefowl","2015",2015,-3.47881051031787,0.0814760002369103
"712",49,"Red Junglefowl","2016",2016,-3.81287291384265,0.0741614617034541
"713",49,"Red Junglefowl","2017",2017,-3.24087026962087,0.0691999586206913
"714",49,"Red Junglefowl","2018",2018,-3.54298417390427,0.0655585213391614
"715",49,"Red Junglefowl","2019",2019,-3.59350996417803,0.0690630191736074
"716",49,"Red Junglefowl","2020",2020,-3.59951240031849,0.065704741733727
"717",49,"Red Junglefowl","2021",2021,-3.53362408752204,0.0660738145974827
"718",49,"Red Junglefowl","2022",2022,-3.47473921699808,0.063878372651157
"719",49,"Red Junglefowl","2023",2023,-3.34569870610832,0.0630293334933422
"720",49,"Red Junglefowl","2024",2024,-3.38190701096207,0.0619758903080426
"721",5,"Red Junglefowl","before 2000",1992,-3.59039530263498,0.108545602327403
"722",5,"Red Junglefowl","2000-2006",2003,-3.33118194279012,0.0862575003552696
"723",5,"Red Junglefowl","2007-2010",2009,-3.32545788465611,0.0851648844527837
"724",5,"Red Junglefowl","2011-2012",2012,-3.30934215367949,0.0961118133178016
"725",5,"Red Junglefowl","2013",2013,-3.66000840705609,0.0963379369837958
"726",5,"Red Junglefowl","2014",2014,-3.61871679698758,0.0888173519650581
"727",5,"Red Junglefowl","2015",2015,-3.4860936736011,0.0781770559011236
"728",5,"Red Junglefowl","2016",2016,-3.81605721596459,0.0725942070739819
"729",5,"Red Junglefowl","2017",2017,-3.24780154659704,0.0670736310416188
"730",5,"Red Junglefowl","2018",2018,-3.54552355843444,0.0716565490916544
"731",5,"Red Junglefowl","2019",2019,-3.59529845295431,0.0712944179635735
"732",5,"Red Junglefowl","2020",2020,-3.59987385743682,0.0709876189485198
"733",5,"Red Junglefowl","2021",2021,-3.53885645070351,0.0672767261511786
"734",5,"Red Junglefowl","2022",2022,-3.4814282560735,0.0629848743973456
"735",5,"Red Junglefowl","2023",2023,-3.35493453251099,0.0627803756270118
"736",5,"Red Junglefowl","2024",2024,-3.38581203330485,0.0664353119150393
"737",50,"Red Junglefowl","before 2000",1992,-3.57308729788548,0.109792745876369
"738",50,"Red Junglefowl","2000-2006",2003,-3.32098662160555,0.100107731832338
"739",50,"Red Junglefowl","2007-2010",2009,-3.30154363853121,0.0915092059213176
"740",50,"Red Junglefowl","2011-2012",2012,-3.29579238272117,0.0968425887977458
"741",50,"Red Junglefowl","2013",2013,-3.63853774824823,0.107487450583632
"742",50,"Red Junglefowl","2014",2014,-3.60086954585993,0.0955164437788395
"743",50,"Red Junglefowl","2015",2015,-3.4786986326256,0.0751383364848742
"744",50,"Red Junglefowl","2016",2016,-3.81389750481541,0.071847401104139
"745",50,"Red Junglefowl","2017",2017,-3.24253413471589,0.0664174654853704
"746",50,"Red Junglefowl","2018",2018,-3.54144243210332,0.0703293000927179
"747",50,"Red Junglefowl","2019",2019,-3.59221882276152,0.0745478315139739
"748",50,"Red Junglefowl","2020",2020,-3.59618821253068,0.0745091123635604
"749",50,"Red Junglefowl","2021",2021,-3.53111015759944,0.0698418004688082
"750",50,"Red Junglefowl","2022",2022,-3.47202229016403,0.068894740724611
"751",50,"Red Junglefowl","2023",2023,-3.34502992872709,0.0644966135988854
"752",50,"Red Junglefowl","2024",2024,-3.38120396444264,0.0665819389377726
"753",51,"Red Junglefowl","before 2000",1992,-3.57020615596034,0.105866385813542
"754",51,"Red Junglefowl","2000-2006",2003,-3.32730175533063,0.0915522546375167
"755",51,"Red Junglefowl","2007-2010",2009,-3.30070101210176,0.0948882842775117
"756",51,"Red Junglefowl","2011-2012",2012,-3.29694174950923,0.096045161213636
"757",51,"Red Junglefowl","2013",2013,-3.64942953149203,0.0984042464231076
"758",51,"Red Junglefowl","2014",2014,-3.60419492894379,0.0935379024335091
"759",51,"Red Junglefowl","2015",2015,-3.47381937029052,0.0848496002498714
"760",51,"Red Junglefowl","2016",2016,-3.80523379922248,0.0788990002765699
"761",51,"Red Junglefowl","2017",2017,-3.2385402013713,0.0689014270089302
"762",51,"Red Junglefowl","2018",2018,-3.53658864931873,0.0712687885150416
"763",51,"Red Junglefowl","2019",2019,-3.58790144260305,0.0751263144976281
"764",51,"Red Junglefowl","2020",2020,-3.59513340791263,0.0664628104805617
"765",51,"Red Junglefowl","2021",2021,-3.52899733178413,0.066149812353562
"766",51,"Red Junglefowl","2022",2022,-3.46705581787565,0.0683982062386594
"767",51,"Red Junglefowl","2023",2023,-3.34545262009105,0.0633440455264995
"768",51,"Red Junglefowl","2024",2024,-3.37789522890066,0.068682170061279
"769",52,"Red Junglefowl","before 2000",1992,-3.57191254926738,0.095548162098441
"770",52,"Red Junglefowl","2000-2006",2003,-3.31153746040468,0.100150886841664
"771",52,"Red Junglefowl","2007-2010",2009,-3.30307824383247,0.0876041755388198
"772",52,"Red Junglefowl","2011-2012",2012,-3.29447851110998,0.0957391425138585
"773",52,"Red Junglefowl","2013",2013,-3.6437349756889,0.0997036901194343
"774",52,"Red Junglefowl","2014",2014,-3.6018811921823,0.0889508158849822
"775",52,"Red Junglefowl","2015",2015,-3.47846167289737,0.0752195039162191
"776",52,"Red Junglefowl","2016",2016,-3.80514923484629,0.0753571332895868
"777",52,"Red Junglefowl","2017",2017,-3.23783359026008,0.0694437037541982
"778",52,"Red Junglefowl","2018",2018,-3.53683835682704,0.0679876648248753
"779",52,"Red Junglefowl","2019",2019,-3.58901014634472,0.0716497670290873
"780",52,"Red Junglefowl","2020",2020,-3.59162550201804,0.0666059812961848
"781",52,"Red Junglefowl","2021",2021,-3.53082566183752,0.0616083276937351
"782",52,"Red Junglefowl","2022",2022,-3.46936761896652,0.0635549305843138
"783",52,"Red Junglefowl","2023",2023,-3.33995081981922,0.065590431679623
"784",52,"Red Junglefowl","2024",2024,-3.37662191893619,0.0661309300768175
"785",53,"Red Junglefowl","before 2000",1992,-3.56702084384092,0.104149798218565
"786",53,"Red Junglefowl","2000-2006",2003,-3.31303614571471,0.100312747338266
"787",53,"Red Junglefowl","2007-2010",2009,-3.29934888929392,0.0952541379856835
"788",53,"Red Junglefowl","2011-2012",2012,-3.29488112406377,0.102031940481691
"789",53,"Red Junglefowl","2013",2013,-3.65751867278165,0.101486533614665
"790",53,"Red Junglefowl","2014",2014,-3.61407247231293,0.0885075141425898
"791",53,"Red Junglefowl","2015",2015,-3.48150782029293,0.074064940019765
"792",53,"Red Junglefowl","2016",2016,-3.80342421910766,0.078461042322492
"793",53,"Red Junglefowl","2017",2017,-3.24112578096654,0.0680733104603138
"794",53,"Red Junglefowl","2018",2018,-3.5404049052102,0.0694939954065705
"795",53,"Red Junglefowl","2019",2019,-3.59124641505969,0.0669051735531732
"796",53,"Red Junglefowl","2020",2020,-3.59726035544075,0.0689925585264229
"797",53,"Red Junglefowl","2021",2021,-3.53068399943274,0.0684113363602997
"798",53,"Red Junglefowl","2022",2022,-3.47267776445932,0.0644221203866602
"799",53,"Red Junglefowl","2023",2023,-3.34633083864118,0.0606940455044183
"800",53,"Red Junglefowl","2024",2024,-3.38075767541926,0.0650465980948672
"801",54,"Red Junglefowl","before 2000",1992,-3.56579593310588,0.114640720887748
"802",54,"Red Junglefowl","2000-2006",2003,-3.32373174004846,0.0971994623237269
"803",54,"Red Junglefowl","2007-2010",2009,-3.28913914171606,0.100328956164573
"804",54,"Red Junglefowl","2011-2012",2012,-3.29170839428805,0.0960960096499587
"805",54,"Red Junglefowl","2013",2013,-3.63941012881974,0.108106127939289
"806",54,"Red Junglefowl","2014",2014,-3.60386055501745,0.0871538149877312
"807",54,"Red Junglefowl","2015",2015,-3.47969820472144,0.0832297286989899
"808",54,"Red Junglefowl","2016",2016,-3.81067036324614,0.0748289263253961
"809",54,"Red Junglefowl","2017",2017,-3.23791965302332,0.0707887600274898
"810",54,"Red Junglefowl","2018",2018,-3.53529856483016,0.0707039422414795
"811",54,"Red Junglefowl","2019",2019,-3.59109526471637,0.0723677331957677
"812",54,"Red Junglefowl","2020",2020,-3.5930565280965,0.0711264623448183
"813",54,"Red Junglefowl","2021",2021,-3.53047280548821,0.0684091801290684
"814",54,"Red Junglefowl","2022",2022,-3.46857908228996,0.0707872295191337
"815",54,"Red Junglefowl","2023",2023,-3.34165686798443,0.0674369906945516
"816",54,"Red Junglefowl","2024",2024,-3.37604692832659,0.0678524100051944
"817",55,"Red Junglefowl","before 2000",1992,-3.58249540176381,0.102973393163537
"818",55,"Red Junglefowl","2000-2006",2003,-3.31988225621175,0.093415144989727
"819",55,"Red Junglefowl","2007-2010",2009,-3.30092518324492,0.0925106680275688
"820",55,"Red Junglefowl","2011-2012",2012,-3.29815938106333,0.0951167227945792
"821",55,"Red Junglefowl","2013",2013,-3.63763249186087,0.104024730708785
"822",55,"Red Junglefowl","2014",2014,-3.6085447040738,0.0926341569937472
"823",55,"Red Junglefowl","2015",2015,-3.47882771463978,0.080379267008722
"824",55,"Red Junglefowl","2016",2016,-3.80809928434372,0.0745944598943578
"825",55,"Red Junglefowl","2017",2017,-3.23734976164916,0.0693917464856689
"826",55,"Red Junglefowl","2018",2018,-3.54070343880777,0.0705694158302189
"827",55,"Red Junglefowl","2019",2019,-3.59297518673813,0.0681503108035134
"828",55,"Red Junglefowl","2020",2020,-3.59587606669961,0.0697121701159054
"829",55,"Red Junglefowl","2021",2021,-3.53030891437161,0.0676003035389544
"830",55,"Red Junglefowl","2022",2022,-3.4691907894103,0.0655335034083433
"831",55,"Red Junglefowl","2023",2023,-3.34773987468287,0.0624053289749777
"832",55,"Red Junglefowl","2024",2024,-3.37847188531997,0.0630418797203385
"833",56,"Red Junglefowl","before 2000",1992,-3.5719375333107,0.108477890955672
"834",56,"Red Junglefowl","2000-2006",2003,-3.31752762597043,0.101185067217597
"835",56,"Red Junglefowl","2007-2010",2009,-3.30712877230241,0.0869821960805537
"836",56,"Red Junglefowl","2011-2012",2012,-3.29963250280701,0.0945032205143193
"837",56,"Red Junglefowl","2013",2013,-3.64845187353461,0.103275926824166
"838",56,"Red Junglefowl","2014",2014,-3.62021477536128,0.0852016441733739
"839",56,"Red Junglefowl","2015",2015,-3.48397237757666,0.0812806811902083
"840",56,"Red Junglefowl","2016",2016,-3.81060078714737,0.0777359845097858
"841",56,"Red Junglefowl","2017",2017,-3.24331835659564,0.0678947475472873
"842",56,"Red Junglefowl","2018",2018,-3.54403531199126,0.0691246582796038
"843",56,"Red Junglefowl","2019",2019,-3.58986529397952,0.0715241300311894
"844",56,"Red Junglefowl","2020",2020,-3.59710714933161,0.0699742314814328
"845",56,"Red Junglefowl","2021",2021,-3.53847816556464,0.066062289961594
"846",56,"Red Junglefowl","2022",2022,-3.47385022254432,0.0674773407064468
"847",56,"Red Junglefowl","2023",2023,-3.34530099569352,0.0668685538221143
"848",56,"Red Junglefowl","2024",2024,-3.38043181656843,0.0692695726755459
"849",57,"Red Junglefowl","before 2000",1992,-3.56679008444319,0.104991776132246
"850",57,"Red Junglefowl","2000-2006",2003,-3.31468035158476,0.0955519792508285
"851",57,"Red Junglefowl","2007-2010",2009,-3.29359656106368,0.0920350834885683
"852",57,"Red Junglefowl","2011-2012",2012,-3.29633207983644,0.0945329780029227
"853",57,"Red Junglefowl","2013",2013,-3.63354506898155,0.107095620962928
"854",57,"Red Junglefowl","2014",2014,-3.6022898845933,0.0856679068549356
"855",57,"Red Junglefowl","2015",2015,-3.47584136421012,0.0770688505136494
"856",57,"Red Junglefowl","2016",2016,-3.80173736458258,0.0781019010795933
"857",57,"Red Junglefowl","2017",2017,-3.23855524012831,0.0640899056385492
"858",57,"Red Junglefowl","2018",2018,-3.5337010080585,0.0718807474080971
"859",57,"Red Junglefowl","2019",2019,-3.58526541171577,0.0675162473325088
"860",57,"Red Junglefowl","2020",2020,-3.59321691294937,0.0668741467197963
"861",57,"Red Junglefowl","2021",2021,-3.52669242709307,0.0685735371000538
"862",57,"Red Junglefowl","2022",2022,-3.46580046970994,0.0695191329601618
"863",57,"Red Junglefowl","2023",2023,-3.34106296061229,0.0657724256948956
"864",57,"Red Junglefowl","2024",2024,-3.37756225951909,0.0658433147543013
"865",58,"Red Junglefowl","before 2000",1992,-3.56727123914674,0.107901999320525
"866",58,"Red Junglefowl","2000-2006",2003,-3.3223542837506,0.099704612735661
"867",58,"Red Junglefowl","2007-2010",2009,-3.30683528592892,0.0930646029539858
"868",58,"Red Junglefowl","2011-2012",2012,-3.29869612731751,0.0885512712740762
"869",58,"Red Junglefowl","2013",2013,-3.64086496704478,0.105456799534275
"870",58,"Red Junglefowl","2014",2014,-3.60700757837295,0.0951275998025747
"871",58,"Red Junglefowl","2015",2015,-3.47360661708855,0.0852708063104578
"872",58,"Red Junglefowl","2016",2016,-3.80938636149204,0.0765664412949909
"873",58,"Red Junglefowl","2017",2017,-3.2381141373108,0.0696675262890449
"874",58,"Red Junglefowl","2018",2018,-3.54325527987197,0.0668273963762736
"875",58,"Red Junglefowl","2019",2019,-3.59594720089337,0.0647846842330778
"876",58,"Red Junglefowl","2020",2020,-3.59659294866178,0.0688175970558905
"877",58,"Red Junglefowl","2021",2021,-3.53046536529412,0.0674804004977742
"878",58,"Red Junglefowl","2022",2022,-3.47146220335293,0.0666844705931372
"879",58,"Red Junglefowl","2023",2023,-3.34676929057278,0.0647286696852729
"880",58,"Red Junglefowl","2024",2024,-3.38266122848902,0.0649435334466669
"881",59,"Red Junglefowl","before 2000",1992,-3.56438153568951,0.104819682004233
"882",59,"Red Junglefowl","2000-2006",2003,-3.32555936203639,0.097670504157171
"883",59,"Red Junglefowl","2007-2010",2009,-3.30649051291946,0.0885580851066398
"884",59,"Red Junglefowl","2011-2012",2012,-3.29170601273732,0.0960845380417313
"885",59,"Red Junglefowl","2013",2013,-3.65637944146524,0.101780072949065
"886",59,"Red Junglefowl","2014",2014,-3.60828295792191,0.0966603445918391
"887",59,"Red Junglefowl","2015",2015,-3.47962934655307,0.085075954392746
"888",59,"Red Junglefowl","2016",2016,-3.81036659587481,0.0804218903559574
"889",59,"Red Junglefowl","2017",2017,-3.24660839354162,0.0637441332919622
"890",59,"Red Junglefowl","2018",2018,-3.5394574593104,0.0725615178950696
"891",59,"Red Junglefowl","2019",2019,-3.59701877165017,0.0756596498987641
"892",59,"Red Junglefowl","2020",2020,-3.60187344742955,0.0649072492282911
"893",59,"Red Junglefowl","2021",2021,-3.53336476432919,0.069138282711921
"894",59,"Red Junglefowl","2022",2022,-3.47391758779121,0.0674378155534341
"895",59,"Red Junglefowl","2023",2023,-3.34688397211807,0.0678228597833574
"896",59,"Red Junglefowl","2024",2024,-3.38062664467708,0.0706519179573661
"897",6,"Red Junglefowl","before 2000",1992,-3.57967426595401,0.111499035635099
"898",6,"Red Junglefowl","2000-2006",2003,-3.3155595143371,0.0926798057627246
"899",6,"Red Junglefowl","2007-2010",2009,-3.32322684587041,0.0991473093664073
"900",6,"Red Junglefowl","2011-2012",2012,-3.30226787806957,0.0928664167622422
"901",6,"Red Junglefowl","2013",2013,-3.6420526482628,0.10268139705294
"902",6,"Red Junglefowl","2014",2014,-3.62041474858991,0.0883897106332887
"903",6,"Red Junglefowl","2015",2015,-3.47804537802871,0.0782193818815821
"904",6,"Red Junglefowl","2016",2016,-3.80759441084969,0.0718325776087365
"905",6,"Red Junglefowl","2017",2017,-3.24025159175856,0.0648394245842937
"906",6,"Red Junglefowl","2018",2018,-3.54577369934585,0.0672959530207683
"907",6,"Red Junglefowl","2019",2019,-3.59187939478892,0.068757064227388
"908",6,"Red Junglefowl","2020",2020,-3.59939237866166,0.0655835045659998
"909",6,"Red Junglefowl","2021",2021,-3.53073200594494,0.0660614125651596
"910",6,"Red Junglefowl","2022",2022,-3.47485076875271,0.0657863148186864
"911",6,"Red Junglefowl","2023",2023,-3.34686627874146,0.0604340576890595
"912",6,"Red Junglefowl","2024",2024,-3.38099682464016,0.0613223817203675
"913",60,"Red Junglefowl","before 2000",1992,-3.5688590479777,0.107288675517093
"914",60,"Red Junglefowl","2000-2006",2003,-3.32678755573608,0.0987158051917472
"915",60,"Red Junglefowl","2007-2010",2009,-3.29961770900725,0.0973233880734142
"916",60,"Red Junglefowl","2011-2012",2012,-3.29807204579996,0.0943516877493524
"917",60,"Red Junglefowl","2013",2013,-3.65265252300431,0.0906167600998863
"918",60,"Red Junglefowl","2014",2014,-3.60791297084992,0.0992526211017045
"919",60,"Red Junglefowl","2015",2015,-3.48019848870069,0.0898988640324889
"920",60,"Red Junglefowl","2016",2016,-3.8076118645072,0.0794529964574902
"921",60,"Red Junglefowl","2017",2017,-3.24232528986827,0.0720034738602092
"922",60,"Red Junglefowl","2018",2018,-3.54190827757679,0.0729923777067979
"923",60,"Red Junglefowl","2019",2019,-3.59629743706478,0.0749684787640682
"924",60,"Red Junglefowl","2020",2020,-3.60211368532523,0.0703111475691833
"925",60,"Red Junglefowl","2021",2021,-3.53805050521906,0.066849120007975
"926",60,"Red Junglefowl","2022",2022,-3.47364819779465,0.067445202782324
"927",60,"Red Junglefowl","2023",2023,-3.34964527296112,0.0680116035641288
"928",60,"Red Junglefowl","2024",2024,-3.3863435223638,0.0650121653668111
"929",61,"Red Junglefowl","before 2000",1992,-3.57081240854713,0.101121852454995
"930",61,"Red Junglefowl","2000-2006",2003,-3.3162102879819,0.103512317514833
"931",61,"Red Junglefowl","2007-2010",2009,-3.30377086011101,0.092826243357551
"932",61,"Red Junglefowl","2011-2012",2012,-3.30363623978824,0.0841461689178531
"933",61,"Red Junglefowl","2013",2013,-3.65072021899321,0.106190143588625
"934",61,"Red Junglefowl","2014",2014,-3.60593531162933,0.0886897075322748
"935",61,"Red Junglefowl","2015",2015,-3.48188556261449,0.0816792848300899
"936",61,"Red Junglefowl","2016",2016,-3.80790961683292,0.0699926641287046
"937",61,"Red Junglefowl","2017",2017,-3.24321986820675,0.0694595161647077
"938",61,"Red Junglefowl","2018",2018,-3.54092165224063,0.0687086279044344
"939",61,"Red Junglefowl","2019",2019,-3.59391492612748,0.0720510573205804
"940",61,"Red Junglefowl","2020",2020,-3.60510808709173,0.0651926200783625
"941",61,"Red Junglefowl","2021",2021,-3.53535133104734,0.0680276678621956
"942",61,"Red Junglefowl","2022",2022,-3.47373802613134,0.0677535652376745
"943",61,"Red Junglefowl","2023",2023,-3.34853245670262,0.064419095990928
"944",61,"Red Junglefowl","2024",2024,-3.38387120461279,0.0681724950014542
"945",62,"Red Junglefowl","before 2000",1992,-3.5626104744979,0.113411843605534
"946",62,"Red Junglefowl","2000-2006",2003,-3.32011187720271,0.0886142842687726
"947",62,"Red Junglefowl","2007-2010",2009,-3.30558172824775,0.0892392902775768
"948",62,"Red Junglefowl","2011-2012",2012,-3.29722393523949,0.100576398274924
"949",62,"Red Junglefowl","2013",2013,-3.64831747339006,0.0999687766925664
"950",62,"Red Junglefowl","2014",2014,-3.60588500215955,0.0983242821281072
"951",62,"Red Junglefowl","2015",2015,-3.4821734278292,0.0787287778255614
"952",62,"Red Junglefowl","2016",2016,-3.81403378381736,0.0745383375183059
"953",62,"Red Junglefowl","2017",2017,-3.24194778360762,0.0715268216461707
"954",62,"Red Junglefowl","2018",2018,-3.54154635251741,0.0684086210919241
"955",62,"Red Junglefowl","2019",2019,-3.59190797074719,0.0687695083313257
"956",62,"Red Junglefowl","2020",2020,-3.59919064867881,0.0705383182589203
"957",62,"Red Junglefowl","2021",2021,-3.53216356576379,0.0700590722401325
"958",62,"Red Junglefowl","2022",2022,-3.47283154945686,0.0673588789315595
"959",62,"Red Junglefowl","2023",2023,-3.34702179446395,0.0672588626185334
"960",62,"Red Junglefowl","2024",2024,-3.38125623752541,0.0645823256523455
"961",63,"Red Junglefowl","before 2000",1992,-3.56515907494964,0.108005151873815
"962",63,"Red Junglefowl","2000-2006",2003,-3.3160533580955,0.0962604807345868
"963",63,"Red Junglefowl","2007-2010",2009,-3.29671685943517,0.0956716285181359
"964",63,"Red Junglefowl","2011-2012",2012,-3.28838648456573,0.0979479999384082
"965",63,"Red Junglefowl","2013",2013,-3.64719804708806,0.0965736740155765
"966",63,"Red Junglefowl","2014",2014,-3.60795553646022,0.0867764623452802
"967",63,"Red Junglefowl","2015",2015,-3.47416076340362,0.0837916753814401
"968",63,"Red Junglefowl","2016",2016,-3.80868698562886,0.0726221008783362
"969",63,"Red Junglefowl","2017",2017,-3.2374869571453,0.0681536322021371
"970",63,"Red Junglefowl","2018",2018,-3.53965704918294,0.0683323902872106
"971",63,"Red Junglefowl","2019",2019,-3.59221744484356,0.0693659785289419
"972",63,"Red Junglefowl","2020",2020,-3.5954173898131,0.0682995551610299
"973",63,"Red Junglefowl","2021",2021,-3.52768017162804,0.0712343848235049
"974",63,"Red Junglefowl","2022",2022,-3.468858343682,0.0660115727137016
"975",63,"Red Junglefowl","2023",2023,-3.34439736013905,0.0663936629690765
"976",63,"Red Junglefowl","2024",2024,-3.37745010585105,0.0676485976764564
"977",64,"Red Junglefowl","before 2000",1992,-3.56297851567202,0.113787270877886
"978",64,"Red Junglefowl","2000-2006",2003,-3.31193841634344,0.10486270763792
"979",64,"Red Junglefowl","2007-2010",2009,-3.30666156590109,0.0986283064724619
"980",64,"Red Junglefowl","2011-2012",2012,-3.29817298055134,0.0923409620859045
"981",64,"Red Junglefowl","2013",2013,-3.65374570706253,0.0994471857420227
"982",64,"Red Junglefowl","2014",2014,-3.61323458191814,0.093538140802288
"983",64,"Red Junglefowl","2015",2015,-3.47999302648074,0.0825175197636525
"984",64,"Red Junglefowl","2016",2016,-3.81112540196238,0.0770606964302719
"985",64,"Red Junglefowl","2017",2017,-3.23997890365833,0.0686725350764936
"986",64,"Red Junglefowl","2018",2018,-3.54134597656136,0.0762570239192752
"987",64,"Red Junglefowl","2019",2019,-3.58997594743047,0.0733249959744818
"988",64,"Red Junglefowl","2020",2020,-3.59853459982126,0.0689297010593841
"989",64,"Red Junglefowl","2021",2021,-3.52956799096078,0.0682989484006008
"990",64,"Red Junglefowl","2022",2022,-3.47046477553716,0.0643822928814924
"991",64,"Red Junglefowl","2023",2023,-3.34627294165804,0.0654267335478979
"992",64,"Red Junglefowl","2024",2024,-3.37876351954617,0.0675626091134099
"993",65,"Red Junglefowl","before 2000",1992,-3.5660149332697,0.107658358507404
"994",65,"Red Junglefowl","2000-2006",2003,-3.31542806437504,0.104704188718813
"995",65,"Red Junglefowl","2007-2010",2009,-3.29021865550957,0.0963684057456896
"996",65,"Red Junglefowl","2011-2012",2012,-3.2978440303757,0.0904835560443021
"997",65,"Red Junglefowl","2013",2013,-3.63670541700425,0.102017996425304
"998",65,"Red Junglefowl","2014",2014,-3.60115351161364,0.0921528620440113
"999",65,"Red Junglefowl","2015",2015,-3.47468169961406,0.0829747191746838
"1000",65,"Red Junglefowl","2016",2016,-3.81025566273713,0.0772668897830904
"1001",65,"Red Junglefowl","2017",2017,-3.23909648257751,0.0683783001922083
"1002",65,"Red Junglefowl","2018",2018,-3.53967471715978,0.0709300518503267
"1003",65,"Red Junglefowl","2019",2019,-3.59215654269175,0.0724722494044749
"1004",65,"Red Junglefowl","2020",2020,-3.59169144679894,0.07026111572043
"1005",65,"Red Junglefowl","2021",2021,-3.53122925162786,0.0710380021580326
"1006",65,"Red Junglefowl","2022",2022,-3.47019486959522,0.0697218769552473
"1007",65,"Red Junglefowl","2023",2023,-3.34226003072474,0.0706106192861657
"1008",65,"Red Junglefowl","2024",2024,-3.37841856022937,0.0696926361371247
"1009",66,"Red Junglefowl","before 2000",1992,-3.57721469567409,0.110989038825852
"1010",66,"Red Junglefowl","2000-2006",2003,-3.31949100663331,0.09481461453207
"1011",66,"Red Junglefowl","2007-2010",2009,-3.30786432913778,0.0936920153838113
"1012",66,"Red Junglefowl","2011-2012",2012,-3.30627277620591,0.0899984363215489
"1013",66,"Red Junglefowl","2013",2013,-3.65203125316579,0.10119305836984
"1014",66,"Red Junglefowl","2014",2014,-3.61086395507467,0.0956137229512258
"1015",66,"Red Junglefowl","2015",2015,-3.47919278457501,0.0840822640584712
"1016",66,"Red Junglefowl","2016",2016,-3.81356260928376,0.0719133248673108
"1017",66,"Red Junglefowl","2017",2017,-3.24588889404478,0.0654982833855412
"1018",66,"Red Junglefowl","2018",2018,-3.54570571362802,0.0671654345463694
"1019",66,"Red Junglefowl","2019",2019,-3.59686162397609,0.0735792200123734
"1020",66,"Red Junglefowl","2020",2020,-3.59862287693203,0.0701686585500009
"1021",66,"Red Junglefowl","2021",2021,-3.53328709018944,0.0691089837499023
"1022",66,"Red Junglefowl","2022",2022,-3.47514698740443,0.0701372930703449
"1023",66,"Red Junglefowl","2023",2023,-3.34953524095264,0.067217753598047
"1024",66,"Red Junglefowl","2024",2024,-3.38368078301754,0.068672317045209
"1025",67,"Red Junglefowl","before 2000",1992,-3.57624887054772,0.105825477062359
"1026",67,"Red Junglefowl","2000-2006",2003,-3.32004769683487,0.0978680576500135
"1027",67,"Red Junglefowl","2007-2010",2009,-3.30761360255142,0.0894776539918319
"1028",67,"Red Junglefowl","2011-2012",2012,-3.3021976686123,0.0942043140634683
"1029",67,"Red Junglefowl","2013",2013,-3.64632943925072,0.105078969788975
"1030",67,"Red Junglefowl","2014",2014,-3.61452434250569,0.0931548150258092
"1031",67,"Red Junglefowl","2015",2015,-3.48159627152426,0.0789585448894409
"1032",67,"Red Junglefowl","2016",2016,-3.81537783353894,0.0697747669626985
"1033",67,"Red Junglefowl","2017",2017,-3.23986101323019,0.0692698909057875
"1034",67,"Red Junglefowl","2018",2018,-3.54203177988784,0.0703456365705664
"1035",67,"Red Junglefowl","2019",2019,-3.59559559127272,0.0691660968411351
"1036",67,"Red Junglefowl","2020",2020,-3.59878645007009,0.0679232531025027
"1037",67,"Red Junglefowl","2021",2021,-3.53014792814948,0.0642341372067927
"1038",67,"Red Junglefowl","2022",2022,-3.47506600172065,0.0630974907522548
"1039",67,"Red Junglefowl","2023",2023,-3.34682143679551,0.0634969221353332
"1040",67,"Red Junglefowl","2024",2024,-3.38347239183842,0.0641915092639259
"1041",68,"Red Junglefowl","before 2000",1992,-3.56035667080282,0.111871246786488
"1042",68,"Red Junglefowl","2000-2006",2003,-3.33057844861605,0.0966800635376032
"1043",68,"Red Junglefowl","2007-2010",2009,-3.30055141684868,0.0962657013918592
"1044",68,"Red Junglefowl","2011-2012",2012,-3.29643550709222,0.0907233753330265
"1045",68,"Red Junglefowl","2013",2013,-3.64754503558405,0.104946202847066
"1046",68,"Red Junglefowl","2014",2014,-3.60629403618812,0.0829934910643945
"1047",68,"Red Junglefowl","2015",2015,-3.47983359950133,0.0836196908217944
"1048",68,"Red Junglefowl","2016",2016,-3.8145013630132,0.0717766260813946
"1049",68,"Red Junglefowl","2017",2017,-3.24448547978752,0.0723023345385345
"1050",68,"Red Junglefowl","2018",2018,-3.54303857287196,0.0703383626115102
"1051",68,"Red Junglefowl","2019",2019,-3.59487577342746,0.0728658018358818
"1052",68,"Red Junglefowl","2020",2020,-3.6014050675949,0.0693680384281574
"1053",68,"Red Junglefowl","2021",2021,-3.53391324790478,0.0735610920214741
"1054",68,"Red Junglefowl","2022",2022,-3.47289693514257,0.0695557932685643
"1055",68,"Red Junglefowl","2023",2023,-3.34805833742351,0.067831089891948
"1056",68,"Red Junglefowl","2024",2024,-3.38265023978301,0.0658180088856325
"1057",69,"Red Junglefowl","before 2000",1992,-3.5750194828168,0.0991312012327168
"1058",69,"Red Junglefowl","2000-2006",2003,-3.32594922591443,0.0949639618126857
"1059",69,"Red Junglefowl","2007-2010",2009,-3.30345341529048,0.0988733592389576
"1060",69,"Red Junglefowl","2011-2012",2012,-3.30001771362359,0.0892003255252865
"1061",69,"Red Junglefowl","2013",2013,-3.6410308609731,0.107518020052164
"1062",69,"Red Junglefowl","2014",2014,-3.61329562680284,0.099938499908207
"1063",69,"Red Junglefowl","2015",2015,-3.48280905693024,0.0846703723815736
"1064",69,"Red Junglefowl","2016",2016,-3.81693301873948,0.0769007599710899
"1065",69,"Red Junglefowl","2017",2017,-3.24298141410835,0.0693866740237028
"1066",69,"Red Junglefowl","2018",2018,-3.54291420135998,0.0742411195508508
"1067",69,"Red Junglefowl","2019",2019,-3.59744733994249,0.0726355534993506
"1068",69,"Red Junglefowl","2020",2020,-3.602397264597,0.0695416278744548
"1069",69,"Red Junglefowl","2021",2021,-3.53537030361742,0.071070313036476
"1070",69,"Red Junglefowl","2022",2022,-3.4769363047613,0.0678766902373609
"1071",69,"Red Junglefowl","2023",2023,-3.34978989869161,0.0685820740002819
"1072",69,"Red Junglefowl","2024",2024,-3.38497344145335,0.0672921439429405
"1073",7,"Red Junglefowl","before 2000",1992,-3.57447671247736,0.1115839681275
"1074",7,"Red Junglefowl","2000-2006",2003,-3.32059692566798,0.0975016714805577
"1075",7,"Red Junglefowl","2007-2010",2009,-3.31192265558843,0.0936344902101313
"1076",7,"Red Junglefowl","2011-2012",2012,-3.2946269554235,0.0951025951274251
"1077",7,"Red Junglefowl","2013",2013,-3.64628972469183,0.0880990944031632
"1078",7,"Red Junglefowl","2014",2014,-3.61021455392096,0.087327457929911
"1079",7,"Red Junglefowl","2015",2015,-3.47594686954836,0.0759404084347434
"1080",7,"Red Junglefowl","2016",2016,-3.80466442170343,0.0796458770684264
"1081",7,"Red Junglefowl","2017",2017,-3.23613158739824,0.0639581059727079
"1082",7,"Red Junglefowl","2018",2018,-3.54002819413936,0.0695716036727893
"1083",7,"Red Junglefowl","2019",2019,-3.59145278024497,0.0694259599097399
"1084",7,"Red Junglefowl","2020",2020,-3.59197891027265,0.0714580442383069
"1085",7,"Red Junglefowl","2021",2021,-3.52569784626663,0.065428879840857
"1086",7,"Red Junglefowl","2022",2022,-3.46812504925494,0.0704414684674279
"1087",7,"Red Junglefowl","2023",2023,-3.34247007815819,0.0635334533182681
"1088",7,"Red Junglefowl","2024",2024,-3.37601792339491,0.0633911643348299
"1089",70,"Red Junglefowl","before 2000",1992,-3.57824451026198,0.10535137982243
"1090",70,"Red Junglefowl","2000-2006",2003,-3.32615702982967,0.0963967731102218
"1091",70,"Red Junglefowl","2007-2010",2009,-3.30514189980698,0.100740769120064
"1092",70,"Red Junglefowl","2011-2012",2012,-3.30833046858315,0.0931598285931068
"1093",70,"Red Junglefowl","2013",2013,-3.64347222799078,0.102405247262999
"1094",70,"Red Junglefowl","2014",2014,-3.61605197670683,0.0896655819953033
"1095",70,"Red Junglefowl","2015",2015,-3.48880177867497,0.0787118607977518
"1096",70,"Red Junglefowl","2016",2016,-3.80946880270986,0.0854067753859983
"1097",70,"Red Junglefowl","2017",2017,-3.24744587855728,0.0673332232336612
"1098",70,"Red Junglefowl","2018",2018,-3.54776544258558,0.0677897895123842
"1099",70,"Red Junglefowl","2019",2019,-3.60181651541021,0.0661248957772443
"1100",70,"Red Junglefowl","2020",2020,-3.60669685136848,0.0665220232750315
"1101",70,"Red Junglefowl","2021",2021,-3.54029594465413,0.0666674123873846
"1102",70,"Red Junglefowl","2022",2022,-3.47758459969533,0.0671712312742316
"1103",70,"Red Junglefowl","2023",2023,-3.35158551527318,0.0666106045777777
"1104",70,"Red Junglefowl","2024",2024,-3.38798336561829,0.0641999608168504
"1105",71,"Red Junglefowl","before 2000",1992,-3.56174947955712,0.095644175292243
"1106",71,"Red Junglefowl","2000-2006",2003,-3.31549094677624,0.0975955007010176
"1107",71,"Red Junglefowl","2007-2010",2009,-3.30515080131748,0.0901939474880349
"1108",71,"Red Junglefowl","2011-2012",2012,-3.29664488366431,0.0928496428917012
"1109",71,"Red Junglefowl","2013",2013,-3.64074500620552,0.105734770228584
"1110",71,"Red Junglefowl","2014",2014,-3.60433851407039,0.0958216694277346
"1111",71,"Red Junglefowl","2015",2015,-3.4717943384363,0.0814954076066875
"1112",71,"Red Junglefowl","2016",2016,-3.8087725361781,0.0804976881201906
"1113",71,"Red Junglefowl","2017",2017,-3.23795124711507,0.0736469789287177
"1114",71,"Red Junglefowl","2018",2018,-3.53876107207047,0.0748318993683542
"1115",71,"Red Junglefowl","2019",2019,-3.59390067557953,0.0735711302542815
"1116",71,"Red Junglefowl","2020",2020,-3.59410752473318,0.0736559588590755
"1117",71,"Red Junglefowl","2021",2021,-3.53062929904394,0.0672668091815568
"1118",71,"Red Junglefowl","2022",2022,-3.46938948674658,0.0705808293644103
"1119",71,"Red Junglefowl","2023",2023,-3.34459411921665,0.0697820010252698
"1120",71,"Red Junglefowl","2024",2024,-3.37983539184274,0.0658958524741412
"1121",72,"Red Junglefowl","before 2000",1992,-3.5668061464691,0.0976589352189046
"1122",72,"Red Junglefowl","2000-2006",2003,-3.32139447844283,0.103999469516013
"1123",72,"Red Junglefowl","2007-2010",2009,-3.29715419947474,0.099540247820162
"1124",72,"Red Junglefowl","2011-2012",2012,-3.28714797096563,0.0948549055338007
"1125",72,"Red Junglefowl","2013",2013,-3.63728183349266,0.103771440144548
"1126",72,"Red Junglefowl","2014",2014,-3.61000159476102,0.0883528192171691
"1127",72,"Red Junglefowl","2015",2015,-3.48115444156531,0.0774985180543263
"1128",72,"Red Junglefowl","2016",2016,-3.81635495861944,0.0772417495307294
"1129",72,"Red Junglefowl","2017",2017,-3.24164127666486,0.0702999430435859
"1130",72,"Red Junglefowl","2018",2018,-3.53672530442763,0.0718103379716387
"1131",72,"Red Junglefowl","2019",2019,-3.59259915925213,0.0741632211405671
"1132",72,"Red Junglefowl","2020",2020,-3.59982638646899,0.0687983284014767
"1133",72,"Red Junglefowl","2021",2021,-3.53160496777095,0.0681695225488201
"1134",72,"Red Junglefowl","2022",2022,-3.46983231934577,0.0699349544866401
"1135",72,"Red Junglefowl","2023",2023,-3.34350675431554,0.0683729796748225
"1136",72,"Red Junglefowl","2024",2024,-3.38285272331233,0.0666123437039994
"1137",73,"Red Junglefowl","before 2000",1992,-3.57234120634568,0.0985073716673546
"1138",73,"Red Junglefowl","2000-2006",2003,-3.3169125822236,0.096448651095519
"1139",73,"Red Junglefowl","2007-2010",2009,-3.29886823040836,0.104412313204423
"1140",73,"Red Junglefowl","2011-2012",2012,-3.2936025596173,0.100178756054819
"1141",73,"Red Junglefowl","2013",2013,-3.64138514417107,0.103765299334384
"1142",73,"Red Junglefowl","2014",2014,-3.60890147254025,0.0897589029990169
"1143",73,"Red Junglefowl","2015",2015,-3.47175195763904,0.0889591553820696
"1144",73,"Red Junglefowl","2016",2016,-3.80980759698674,0.0784311197610853
"1145",73,"Red Junglefowl","2017",2017,-3.23750484701596,0.0745665739949488
"1146",73,"Red Junglefowl","2018",2018,-3.53881230037169,0.0741974614452305
"1147",73,"Red Junglefowl","2019",2019,-3.59169887665956,0.0741600255961966
"1148",73,"Red Junglefowl","2020",2020,-3.59529764956823,0.0742019222649276
"1149",73,"Red Junglefowl","2021",2021,-3.52869993952001,0.0718848403608527
"1150",73,"Red Junglefowl","2022",2022,-3.46758354586988,0.0704230564307082
"1151",73,"Red Junglefowl","2023",2023,-3.3424660902708,0.0726316878572042
"1152",73,"Red Junglefowl","2024",2024,-3.37860348592661,0.0710182176177812
"1153",74,"Red Junglefowl","before 2000",1992,-3.57181854405782,0.113566466180974
"1154",74,"Red Junglefowl","2000-2006",2003,-3.32576191484286,0.0921181857484031
"1155",74,"Red Junglefowl","2007-2010",2009,-3.3075839319307,0.0919478169376097
"1156",74,"Red Junglefowl","2011-2012",2012,-3.29433806627281,0.0952180302687056
"1157",74,"Red Junglefowl","2013",2013,-3.64568336285514,0.105403723084773
"1158",74,"Red Junglefowl","2014",2014,-3.61209318250033,0.09538694271181
"1159",74,"Red Junglefowl","2015",2015,-3.48078003606486,0.0842371393926024
"1160",74,"Red Junglefowl","2016",2016,-3.81611966639194,0.0747044027734768
"1161",74,"Red Junglefowl","2017",2017,-3.24312577730865,0.0719624747970661
"1162",74,"Red Junglefowl","2018",2018,-3.54157806470775,0.0730705883475252
"1163",74,"Red Junglefowl","2019",2019,-3.59962269123279,0.0688279583751179
"1164",74,"Red Junglefowl","2020",2020,-3.6017679374704,0.0712129081151492
"1165",74,"Red Junglefowl","2021",2021,-3.53536032564529,0.0709024991705576
"1166",74,"Red Junglefowl","2022",2022,-3.47647685828112,0.0678006437067753
"1167",74,"Red Junglefowl","2023",2023,-3.35002192639218,0.0703277475299191
"1168",74,"Red Junglefowl","2024",2024,-3.3880650108709,0.0648284528804677
"1169",75,"Red Junglefowl","before 2000",1992,-3.57421294144558,0.10671369207726
"1170",75,"Red Junglefowl","2000-2006",2003,-3.32235350586244,0.0929312647665594
"1171",75,"Red Junglefowl","2007-2010",2009,-3.30498709511578,0.102283762046982
"1172",75,"Red Junglefowl","2011-2012",2012,-3.29690242550387,0.095444140989849
"1173",75,"Red Junglefowl","2013",2013,-3.64538796419113,0.0996173216527553
"1174",75,"Red Junglefowl","2014",2014,-3.60569150039586,0.0937906853500957
"1175",75,"Red Junglefowl","2015",2015,-3.48624983933053,0.075256694783769
"1176",75,"Red Junglefowl","2016",2016,-3.81247767660999,0.0778467879267221
"1177",75,"Red Junglefowl","2017",2017,-3.24125575562001,0.0680256619618791
"1178",75,"Red Junglefowl","2018",2018,-3.5370977463483,0.0712870002243394
"1179",75,"Red Junglefowl","2019",2019,-3.59426099193712,0.0687215571152431
"1180",75,"Red Junglefowl","2020",2020,-3.59498746891169,0.0744814956263441
"1181",75,"Red Junglefowl","2021",2021,-3.52884548928499,0.0716212677043228
"1182",75,"Red Junglefowl","2022",2022,-3.47264906131566,0.0660168235250048
"1183",75,"Red Junglefowl","2023",2023,-3.3469723871272,0.0649548734705266
"1184",75,"Red Junglefowl","2024",2024,-3.38283290138325,0.0653545808967302
"1185",76,"Red Junglefowl","before 2000",1992,-3.56032311018425,0.112665825888922
"1186",76,"Red Junglefowl","2000-2006",2003,-3.32724310688011,0.0996454004806858
"1187",76,"Red Junglefowl","2007-2010",2009,-3.30749338806288,0.0998027070140564
"1188",76,"Red Junglefowl","2011-2012",2012,-3.30244122889432,0.0935861454976906
"1189",76,"Red Junglefowl","2013",2013,-3.6428332942784,0.102960347199202
"1190",76,"Red Junglefowl","2014",2014,-3.61212710173783,0.0947101200973232
"1191",76,"Red Junglefowl","2015",2015,-3.47643224212431,0.0794843354871914
"1192",76,"Red Junglefowl","2016",2016,-3.81516323352523,0.0806314079617915
"1193",76,"Red Junglefowl","2017",2017,-3.24399334425749,0.067176228342896
"1194",76,"Red Junglefowl","2018",2018,-3.54495317595646,0.0703758078515186
"1195",76,"Red Junglefowl","2019",2019,-3.59710302720757,0.0715714416669144
"1196",76,"Red Junglefowl","2020",2020,-3.5991743089258,0.0687006302991027
"1197",76,"Red Junglefowl","2021",2021,-3.53385514277972,0.0716550554851566
"1198",76,"Red Junglefowl","2022",2022,-3.47330944284422,0.0690344908167784
"1199",76,"Red Junglefowl","2023",2023,-3.34281696414819,0.0747765087193609
"1200",76,"Red Junglefowl","2024",2024,-3.38263969805023,0.0696479469560057
"1201",77,"Red Junglefowl","before 2000",1992,-3.57114964566004,0.0994350653279876
"1202",77,"Red Junglefowl","2000-2006",2003,-3.31729452893061,0.0978133944971602
"1203",77,"Red Junglefowl","2007-2010",2009,-3.30471765127167,0.0890678363536718
"1204",77,"Red Junglefowl","2011-2012",2012,-3.29969358176429,0.0942946277298319
"1205",77,"Red Junglefowl","2013",2013,-3.64389966730496,0.105977568245803
"1206",77,"Red Junglefowl","2014",2014,-3.60321090592781,0.100245041488884
"1207",77,"Red Junglefowl","2015",2015,-3.47900481966466,0.0831149028724414
"1208",77,"Red Junglefowl","2016",2016,-3.81768126292397,0.0715244289219361
"1209",77,"Red Junglefowl","2017",2017,-3.24258166248829,0.0687765896728205
"1210",77,"Red Junglefowl","2018",2018,-3.5411201254758,0.0760949618074362
"1211",77,"Red Junglefowl","2019",2019,-3.59090383967266,0.0743942208123778
"1212",77,"Red Junglefowl","2020",2020,-3.59624519297217,0.0711930109187363
"1213",77,"Red Junglefowl","2021",2021,-3.53552731281499,0.0688653447557571
"1214",77,"Red Junglefowl","2022",2022,-3.47194525360453,0.0687517803979131
"1215",77,"Red Junglefowl","2023",2023,-3.34775670886733,0.0667272239786
"1216",77,"Red Junglefowl","2024",2024,-3.38229736708907,0.0659092465811117
"1217",78,"Red Junglefowl","before 2000",1992,-3.57394185454943,0.105827493183311
"1218",78,"Red Junglefowl","2000-2006",2003,-3.32317379396874,0.0947073193593956
"1219",78,"Red Junglefowl","2007-2010",2009,-3.2992669325605,0.100202665215436
"1220",78,"Red Junglefowl","2011-2012",2012,-3.30387270235948,0.0830622354514241
"1221",78,"Red Junglefowl","2013",2013,-3.65280626420507,0.099277558563186
"1222",78,"Red Junglefowl","2014",2014,-3.60872492830933,0.0919150151810377
"1223",78,"Red Junglefowl","2015",2015,-3.48656246043734,0.0836550531145124
"1224",78,"Red Junglefowl","2016",2016,-3.81281643251938,0.0756455320160826
"1225",78,"Red Junglefowl","2017",2017,-3.2441898781937,0.0664958461846653
"1226",78,"Red Junglefowl","2018",2018,-3.54683324565745,0.0676081581810104
"1227",78,"Red Junglefowl","2019",2019,-3.5969593515197,0.0702917582596408
"1228",78,"Red Junglefowl","2020",2020,-3.60436276954718,0.0652804220944456
"1229",78,"Red Junglefowl","2021",2021,-3.5344892219183,0.0684062392817446
"1230",78,"Red Junglefowl","2022",2022,-3.47464473275073,0.0628613827193631
"1231",78,"Red Junglefowl","2023",2023,-3.34901143728057,0.0639363833661616
"1232",78,"Red Junglefowl","2024",2024,-3.38506342679255,0.0654758064928002
"1233",79,"Red Junglefowl","before 2000",1992,-3.56890453628508,0.110404029122629
"1234",79,"Red Junglefowl","2000-2006",2003,-3.3148588030343,0.100742004714252
"1235",79,"Red Junglefowl","2007-2010",2009,-3.29726943823,0.0934187657743483
"1236",79,"Red Junglefowl","2011-2012",2012,-3.29685803117491,0.094051306400707
"1237",79,"Red Junglefowl","2013",2013,-3.65146249687522,0.0974148355768139
"1238",79,"Red Junglefowl","2014",2014,-3.60626047391575,0.0918881097009169
"1239",79,"Red Junglefowl","2015",2015,-3.47449458176305,0.0850195247858961
"1240",79,"Red Junglefowl","2016",2016,-3.8121648687192,0.0677840936215316
"1241",79,"Red Junglefowl","2017",2017,-3.24024292959357,0.0700721223808362
"1242",79,"Red Junglefowl","2018",2018,-3.53902383003517,0.0670710626222191
"1243",79,"Red Junglefowl","2019",2019,-3.58903417545108,0.0739972395376907
"1244",79,"Red Junglefowl","2020",2020,-3.59568496921285,0.0666663946625599
"1245",79,"Red Junglefowl","2021",2021,-3.52949001105741,0.0694314119872362
"1246",79,"Red Junglefowl","2022",2022,-3.47064766669469,0.0661699680431291
"1247",79,"Red Junglefowl","2023",2023,-3.34454541426493,0.0687919351142008
"1248",79,"Red Junglefowl","2024",2024,-3.38021995628623,0.0639794271453497
"1249",8,"Red Junglefowl","before 2000",1992,-3.57249639416805,0.103328647218009
"1250",8,"Red Junglefowl","2000-2006",2003,-3.32313711617125,0.0940055937485397
"1251",8,"Red Junglefowl","2007-2010",2009,-3.31020764149154,0.0921764535613436
"1252",8,"Red Junglefowl","2011-2012",2012,-3.3014087387342,0.0880311099452137
"1253",8,"Red Junglefowl","2013",2013,-3.63959901962515,0.100113889402368
"1254",8,"Red Junglefowl","2014",2014,-3.60780496467372,0.0896810275019122
"1255",8,"Red Junglefowl","2015",2015,-3.48215137581947,0.082862614762232
"1256",8,"Red Junglefowl","2016",2016,-3.81250155508812,0.0735360077642816
"1257",8,"Red Junglefowl","2017",2017,-3.24020289133345,0.0677875494673468
"1258",8,"Red Junglefowl","2018",2018,-3.54083272319914,0.0710780372245092
"1259",8,"Red Junglefowl","2019",2019,-3.59932145059271,0.0706193184030057
"1260",8,"Red Junglefowl","2020",2020,-3.59650570684411,0.0684948940302073
"1261",8,"Red Junglefowl","2021",2021,-3.53308108340108,0.0688948915127883
"1262",8,"Red Junglefowl","2022",2022,-3.47716027664649,0.0624954709109727
"1263",8,"Red Junglefowl","2023",2023,-3.34673555260484,0.0658165400133711
"1264",8,"Red Junglefowl","2024",2024,-3.38150948931049,0.0621540626293305
"1265",80,"Red Junglefowl","before 2000",1992,-3.56601345724997,0.113578855089771
"1266",80,"Red Junglefowl","2000-2006",2003,-3.31268546304073,0.0994705900179588
"1267",80,"Red Junglefowl","2007-2010",2009,-3.29998681998955,0.089183834007176
"1268",80,"Red Junglefowl","2011-2012",2012,-3.30262062625325,0.0973634882162436
"1269",80,"Red Junglefowl","2013",2013,-3.64381112579786,0.103441479181635
"1270",80,"Red Junglefowl","2014",2014,-3.6072377090692,0.0990923514877577
"1271",80,"Red Junglefowl","2015",2015,-3.48181348715725,0.0765171937188143
"1272",80,"Red Junglefowl","2016",2016,-3.81224788214725,0.0728959402374737
"1273",80,"Red Junglefowl","2017",2017,-3.24187947189012,0.0687039919382115
"1274",80,"Red Junglefowl","2018",2018,-3.53912163517881,0.0754804343574301
"1275",80,"Red Junglefowl","2019",2019,-3.58974500853861,0.0689620389871268
"1276",80,"Red Junglefowl","2020",2020,-3.5973445069666,0.0702671191224535
"1277",80,"Red Junglefowl","2021",2021,-3.53136077396489,0.0711698135882985
"1278",80,"Red Junglefowl","2022",2022,-3.47149055453532,0.0675424367957561
"1279",80,"Red Junglefowl","2023",2023,-3.34589743865276,0.0670092367615859
"1280",80,"Red Junglefowl","2024",2024,-3.38147312960118,0.0643472790550846
"1281",81,"Red Junglefowl","before 2000",1992,-3.5601002827007,0.104338042574869
"1282",81,"Red Junglefowl","2000-2006",2003,-3.32493866367753,0.0847486640509193
"1283",81,"Red Junglefowl","2007-2010",2009,-3.29999452987628,0.0941105268100099
"1284",81,"Red Junglefowl","2011-2012",2012,-3.28583383177927,0.0957166441189918
"1285",81,"Red Junglefowl","2013",2013,-3.64172734947001,0.109609456379259
"1286",81,"Red Junglefowl","2014",2014,-3.60547579411508,0.0875827276810336
"1287",81,"Red Junglefowl","2015",2015,-3.47847340975682,0.0763563945749218
"1288",81,"Red Junglefowl","2016",2016,-3.80882974530159,0.0744831832311642
"1289",81,"Red Junglefowl","2017",2017,-3.23661178769999,0.064738205564945
"1290",81,"Red Junglefowl","2018",2018,-3.53692252058359,0.0669015174784724
"1291",81,"Red Junglefowl","2019",2019,-3.58775505613323,0.0690836834426415
"1292",81,"Red Junglefowl","2020",2020,-3.59172529610731,0.0677913190851472
"1293",81,"Red Junglefowl","2021",2021,-3.52597038745842,0.0658726987785468
"1294",81,"Red Junglefowl","2022",2022,-3.46780425401876,0.0642492308605928
"1295",81,"Red Junglefowl","2023",2023,-3.34196548717136,0.0614334963082586
"1296",81,"Red Junglefowl","2024",2024,-3.37768142385016,0.060488708827639
"1297",82,"Red Junglefowl","before 2000",1992,-3.5695392421126,0.108716953726451
"1298",82,"Red Junglefowl","2000-2006",2003,-3.32729753328474,0.0857599048478314
"1299",82,"Red Junglefowl","2007-2010",2009,-3.29677663096758,0.0950384223010791
"1300",82,"Red Junglefowl","2011-2012",2012,-3.29376933694431,0.0934747806242082
"1301",82,"Red Junglefowl","2013",2013,-3.63967433566866,0.102363256982885
"1302",82,"Red Junglefowl","2014",2014,-3.60313065473936,0.0947493645150729
"1303",82,"Red Junglefowl","2015",2015,-3.47761198496064,0.0794808986389568
"1304",82,"Red Junglefowl","2016",2016,-3.80838510051974,0.0731291093299116
"1305",82,"Red Junglefowl","2017",2017,-3.23680172293757,0.0693021204346767
"1306",82,"Red Junglefowl","2018",2018,-3.54191703276985,0.0676455978467206
"1307",82,"Red Junglefowl","2019",2019,-3.58843579734049,0.0651939951781922
"1308",82,"Red Junglefowl","2020",2020,-3.59514192563249,0.0652352040069328
"1309",82,"Red Junglefowl","2021",2021,-3.53030111091935,0.0673531240801496
"1310",82,"Red Junglefowl","2022",2022,-3.47054957354017,0.0637009138063204
"1311",82,"Red Junglefowl","2023",2023,-3.3439670562351,0.0653296756914189
"1312",82,"Red Junglefowl","2024",2024,-3.38024496882391,0.0637988896809186
"1313",83,"Red Junglefowl","before 2000",1992,-3.57582423724963,0.101197771689396
"1314",83,"Red Junglefowl","2000-2006",2003,-3.31843183265497,0.0997580642616523
"1315",83,"Red Junglefowl","2007-2010",2009,-3.29228378952533,0.103932784210681
"1316",83,"Red Junglefowl","2011-2012",2012,-3.29874706923517,0.0921459334080658
"1317",83,"Red Junglefowl","2013",2013,-3.64489442605292,0.108433665223025
"1318",83,"Red Junglefowl","2014",2014,-3.60481838675626,0.0933854464653817
"1319",83,"Red Junglefowl","2015",2015,-3.476316141707,0.0873067005047594
"1320",83,"Red Junglefowl","2016",2016,-3.81247379056995,0.0762701173453649
"1321",83,"Red Junglefowl","2017",2017,-3.23995238499048,0.0658062866968416
"1322",83,"Red Junglefowl","2018",2018,-3.54115601721743,0.0702600313048705
"1323",83,"Red Junglefowl","2019",2019,-3.59222995330591,0.0693205138455808
"1324",83,"Red Junglefowl","2020",2020,-3.59977735640354,0.0688196285533196
"1325",83,"Red Junglefowl","2021",2021,-3.52967696064035,0.0659921206767361
"1326",83,"Red Junglefowl","2022",2022,-3.47346563368459,0.066933635663501
"1327",83,"Red Junglefowl","2023",2023,-3.34758665707163,0.0626199415987936
"1328",83,"Red Junglefowl","2024",2024,-3.38307253241591,0.0647051796110759
"1329",84,"Red Junglefowl","before 2000",1992,-3.57502867840685,0.109094910202408
"1330",84,"Red Junglefowl","2000-2006",2003,-3.32416423536146,0.100764009683317
"1331",84,"Red Junglefowl","2007-2010",2009,-3.30854390416218,0.0950736484512331
"1332",84,"Red Junglefowl","2011-2012",2012,-3.30465294979894,0.0948883939222941
"1333",84,"Red Junglefowl","2013",2013,-3.64715281492824,0.107428453017943
"1334",84,"Red Junglefowl","2014",2014,-3.6115844951,0.0845546457050497
"1335",84,"Red Junglefowl","2015",2015,-3.48491743473321,0.0757041668592623
"1336",84,"Red Junglefowl","2016",2016,-3.82057010370485,0.0758386298461772
"1337",84,"Red Junglefowl","2017",2017,-3.24488379648698,0.0696466294660258
"1338",84,"Red Junglefowl","2018",2018,-3.54825899918946,0.067343820632228
"1339",84,"Red Junglefowl","2019",2019,-3.59642836973268,0.0697703711498997
"1340",84,"Red Junglefowl","2020",2020,-3.60335943421274,0.0663766167739521
"1341",84,"Red Junglefowl","2021",2021,-3.53801112300578,0.0621255023418864
"1342",84,"Red Junglefowl","2022",2022,-3.4763773699063,0.0632718408466588
"1343",84,"Red Junglefowl","2023",2023,-3.35275428096543,0.0600128955109578
"1344",84,"Red Junglefowl","2024",2024,-3.38846230694017,0.060301501234403
"1345",85,"Red Junglefowl","before 2000",1992,-3.57295938724291,0.100244203045431
"1346",85,"Red Junglefowl","2000-2006",2003,-3.31903041976382,0.0959500277430287
"1347",85,"Red Junglefowl","2007-2010",2009,-3.29597645491773,0.0959556798657594
"1348",85,"Red Junglefowl","2011-2012",2012,-3.28958298001605,0.0910009143379495
"1349",85,"Red Junglefowl","2013",2013,-3.6490639090845,0.103152609388986
"1350",85,"Red Junglefowl","2014",2014,-3.61666481778643,0.0877168281951576
"1351",85,"Red Junglefowl","2015",2015,-3.47401425476678,0.086698269496746
"1352",85,"Red Junglefowl","2016",2016,-3.80842748937051,0.0687222963931842
"1353",85,"Red Junglefowl","2017",2017,-3.2391990678017,0.0676795296244875
"1354",85,"Red Junglefowl","2018",2018,-3.53639651953351,0.0696906145434832
"1355",85,"Red Junglefowl","2019",2019,-3.58835025884272,0.0688556360210677
"1356",85,"Red Junglefowl","2020",2020,-3.59622141188046,0.0687912345470032
"1357",85,"Red Junglefowl","2021",2021,-3.53004424021351,0.0690931726352876
"1358",85,"Red Junglefowl","2022",2022,-3.46668216106046,0.0696864543847909
"1359",85,"Red Junglefowl","2023",2023,-3.34084099803242,0.0715473688826198
"1360",85,"Red Junglefowl","2024",2024,-3.37568741017648,0.0662902022288494
"1361",86,"Red Junglefowl","before 2000",1992,-3.56573951383482,0.101189564349551
"1362",86,"Red Junglefowl","2000-2006",2003,-3.32204405726352,0.0926297083673435
"1363",86,"Red Junglefowl","2007-2010",2009,-3.30320830287678,0.0974580072108444
"1364",86,"Red Junglefowl","2011-2012",2012,-3.29189889618658,0.0949973926420022
"1365",86,"Red Junglefowl","2013",2013,-3.65268382807471,0.100249817500972
"1366",86,"Red Junglefowl","2014",2014,-3.6077672654434,0.0907214511094876
"1367",86,"Red Junglefowl","2015",2015,-3.48263655643325,0.0824678592186613
"1368",86,"Red Junglefowl","2016",2016,-3.81283714914224,0.0748620566933884
"1369",86,"Red Junglefowl","2017",2017,-3.24031890728192,0.0671348816719062
"1370",86,"Red Junglefowl","2018",2018,-3.54231614871875,0.0717151602597794
"1371",86,"Red Junglefowl","2019",2019,-3.59090747173272,0.0715210401538119
"1372",86,"Red Junglefowl","2020",2020,-3.59992377919785,0.0675414608746739
"1373",86,"Red Junglefowl","2021",2021,-3.53022818224015,0.0686660242677387
"1374",86,"Red Junglefowl","2022",2022,-3.47302670196906,0.0628651684789472
"1375",86,"Red Junglefowl","2023",2023,-3.34823045519189,0.0662049069277081
"1376",86,"Red Junglefowl","2024",2024,-3.38095733816121,0.0705822520789744
"1377",87,"Red Junglefowl","before 2000",1992,-3.57352907619807,0.109337445323744
"1378",87,"Red Junglefowl","2000-2006",2003,-3.32362454434956,0.0966112799356157
"1379",87,"Red Junglefowl","2007-2010",2009,-3.29721320590309,0.0972828002257785
"1380",87,"Red Junglefowl","2011-2012",2012,-3.29363583848887,0.0924609751279039
"1381",87,"Red Junglefowl","2013",2013,-3.64996305132017,0.10035547740433
"1382",87,"Red Junglefowl","2014",2014,-3.60489081184271,0.0960340067881587
"1383",87,"Red Junglefowl","2015",2015,-3.48100978277264,0.0853945452633311
"1384",87,"Red Junglefowl","2016",2016,-3.80905380144455,0.0761387535846213
"1385",87,"Red Junglefowl","2017",2017,-3.23648561076624,0.0652111768094104
"1386",87,"Red Junglefowl","2018",2018,-3.53891427268501,0.0645208631389544
"1387",87,"Red Junglefowl","2019",2019,-3.59279409175275,0.0661638113498548
"1388",87,"Red Junglefowl","2020",2020,-3.59643387162773,0.0639160703921176
"1389",87,"Red Junglefowl","2021",2021,-3.52692911084976,0.0617366324652084
"1390",87,"Red Junglefowl","2022",2022,-3.46640116346172,0.0625375860172865
"1391",87,"Red Junglefowl","2023",2023,-3.34428594176631,0.0605030478348487
"1392",87,"Red Junglefowl","2024",2024,-3.37942771969364,0.0627969694372892
"1393",88,"Red Junglefowl","before 2000",1992,-3.56118751126135,0.102967969752556
"1394",88,"Red Junglefowl","2000-2006",2003,-3.32064813803555,0.0938734220719851
"1395",88,"Red Junglefowl","2007-2010",2009,-3.29055950010871,0.0933123250808844
"1396",88,"Red Junglefowl","2011-2012",2012,-3.28379517679466,0.096066677930525
"1397",88,"Red Junglefowl","2013",2013,-3.64360929475574,0.103481306937202
"1398",88,"Red Junglefowl","2014",2014,-3.59982576119732,0.09700596621458
"1399",88,"Red Junglefowl","2015",2015,-3.4748640506199,0.0768550135138556
"1400",88,"Red Junglefowl","2016",2016,-3.80533306759517,0.0813772960204155
"1401",88,"Red Junglefowl","2017",2017,-3.2356415638635,0.0715081621162943
"1402",88,"Red Junglefowl","2018",2018,-3.53811623001074,0.0684367266214079
"1403",88,"Red Junglefowl","2019",2019,-3.58929442795333,0.0721634383955128
"1404",88,"Red Junglefowl","2020",2020,-3.59250416633349,0.0665808266918649
"1405",88,"Red Junglefowl","2021",2021,-3.52951838247525,0.0667250659622957
"1406",88,"Red Junglefowl","2022",2022,-3.46708547677527,0.0653214104999656
"1407",88,"Red Junglefowl","2023",2023,-3.3414389748091,0.0675809604658778
"1408",88,"Red Junglefowl","2024",2024,-3.37779002409528,0.0664174363546663
"1409",89,"Red Junglefowl","before 2000",1992,-3.56373139386561,0.104604035965614
"1410",89,"Red Junglefowl","2000-2006",2003,-3.32291678976596,0.0975822501930661
"1411",89,"Red Junglefowl","2007-2010",2009,-3.31218054078741,0.0881817977106409
"1412",89,"Red Junglefowl","2011-2012",2012,-3.29617075363788,0.0911144854931417
"1413",89,"Red Junglefowl","2013",2013,-3.64722732382397,0.101168967154882
"1414",89,"Red Junglefowl","2014",2014,-3.6146145203954,0.0861820471002224
"1415",89,"Red Junglefowl","2015",2015,-3.4862658607491,0.075332067246357
"1416",89,"Red Junglefowl","2016",2016,-3.81466317477387,0.0700587641216577
"1417",89,"Red Junglefowl","2017",2017,-3.24363163138883,0.0653451000738943
"1418",89,"Red Junglefowl","2018",2018,-3.54494623357645,0.0680285066566061
"1419",89,"Red Junglefowl","2019",2019,-3.59620211741529,0.0682633251336477
"1420",89,"Red Junglefowl","2020",2020,-3.60375073066278,0.0634079175799441
"1421",89,"Red Junglefowl","2021",2021,-3.53409173449623,0.0671735221246258
"1422",89,"Red Junglefowl","2022",2022,-3.4751503413271,0.0616063268433381
"1423",89,"Red Junglefowl","2023",2023,-3.34918480782914,0.0636567965836823
"1424",89,"Red Junglefowl","2024",2024,-3.38524996286212,0.0646702758183271
"1425",9,"Red Junglefowl","before 2000",1992,-3.56780644311406,0.11101106394881
"1426",9,"Red Junglefowl","2000-2006",2003,-3.32608612876404,0.0975437614792194
"1427",9,"Red Junglefowl","2007-2010",2009,-3.30726368845299,0.0938501399659809
"1428",9,"Red Junglefowl","2011-2012",2012,-3.29831820559365,0.0915431181438245
"1429",9,"Red Junglefowl","2013",2013,-3.64129405674617,0.105137589392361
"1430",9,"Red Junglefowl","2014",2014,-3.61901557020603,0.0864747048036272
"1431",9,"Red Junglefowl","2015",2015,-3.48551564648039,0.0760947454058853
"1432",9,"Red Junglefowl","2016",2016,-3.81832643313445,0.0778289814766616
"1433",9,"Red Junglefowl","2017",2017,-3.24324762539122,0.072363349863114
"1434",9,"Red Junglefowl","2018",2018,-3.5390440452354,0.0745310691503986
"1435",9,"Red Junglefowl","2019",2019,-3.59513055303209,0.0740378308904692
"1436",9,"Red Junglefowl","2020",2020,-3.59910120289054,0.0722978292034828
"1437",9,"Red Junglefowl","2021",2021,-3.53460994496758,0.0706019195855785
"1438",9,"Red Junglefowl","2022",2022,-3.47535398070033,0.0684614945877449
"1439",9,"Red Junglefowl","2023",2023,-3.34667138207085,0.073032775145449
"1440",9,"Red Junglefowl","2024",2024,-3.38420948238866,0.0656214518141464
"1441",90,"Red Junglefowl","before 2000",1992,-3.56893862040476,0.113630312901065
"1442",90,"Red Junglefowl","2000-2006",2003,-3.3302528066453,0.0970487689786164
"1443",90,"Red Junglefowl","2007-2010",2009,-3.30330936430564,0.0973664089832255
"1444",90,"Red Junglefowl","2011-2012",2012,-3.29527782780479,0.0929180373041629
"1445",90,"Red Junglefowl","2013",2013,-3.64210627291045,0.104211163249365
"1446",90,"Red Junglefowl","2014",2014,-3.6025912584994,0.0953471179688179
"1447",90,"Red Junglefowl","2015",2015,-3.47721796506592,0.082274377705699
"1448",90,"Red Junglefowl","2016",2016,-3.80704832872105,0.0779902332723618
"1449",90,"Red Junglefowl","2017",2017,-3.23735599690213,0.0718128288600333
"1450",90,"Red Junglefowl","2018",2018,-3.53736826161928,0.0781829698288724
"1451",90,"Red Junglefowl","2019",2019,-3.59082442314158,0.0703654668063006
"1452",90,"Red Junglefowl","2020",2020,-3.59363372149587,0.0708083932643322
"1453",90,"Red Junglefowl","2021",2021,-3.53089474955335,0.0689731909027758
"1454",90,"Red Junglefowl","2022",2022,-3.46781491742749,0.0694452318423789
"1455",90,"Red Junglefowl","2023",2023,-3.34157094333035,0.0705601883062513
"1456",90,"Red Junglefowl","2024",2024,-3.37763015638047,0.0724339104362764
"1457",91,"Red Junglefowl","before 2000",1992,-3.56152310281825,0.107464686362964
"1458",91,"Red Junglefowl","2000-2006",2003,-3.32492054858517,0.0955107486587305
"1459",91,"Red Junglefowl","2007-2010",2009,-3.30376796643799,0.0896113238622028
"1460",91,"Red Junglefowl","2011-2012",2012,-3.29197454307794,0.0932806407046614
"1461",91,"Red Junglefowl","2013",2013,-3.63864342586425,0.109791480779466
"1462",91,"Red Junglefowl","2014",2014,-3.60872728154536,0.0920974175993859
"1463",91,"Red Junglefowl","2015",2015,-3.47599752068016,0.081482199058187
"1464",91,"Red Junglefowl","2016",2016,-3.81072533339165,0.0748256381695638
"1465",91,"Red Junglefowl","2017",2017,-3.23502398819745,0.0742366754606594
"1466",91,"Red Junglefowl","2018",2018,-3.53523714932964,0.0728884855790135
"1467",91,"Red Junglefowl","2019",2019,-3.59240306151885,0.0746373708641953
"1468",91,"Red Junglefowl","2020",2020,-3.5985603982087,0.0689947022155806
"1469",91,"Red Junglefowl","2021",2021,-3.5336646523474,0.0688857893568131
"1470",91,"Red Junglefowl","2022",2022,-3.4680392601184,0.0721216659623318
"1471",91,"Red Junglefowl","2023",2023,-3.34347543185571,0.0720936109217278
"1472",91,"Red Junglefowl","2024",2024,-3.38185400431969,0.0656525241196373
"1473",92,"Red Junglefowl","before 2000",1992,-3.55984550158839,0.117216171730574
"1474",92,"Red Junglefowl","2000-2006",2003,-3.31717422114466,0.0953742645722407
"1475",92,"Red Junglefowl","2007-2010",2009,-3.2948385709785,0.101497450918457
"1476",92,"Red Junglefowl","2011-2012",2012,-3.28358490916428,0.0971821231986888
"1477",92,"Red Junglefowl","2013",2013,-3.64551935705588,0.102412196421885
"1478",92,"Red Junglefowl","2014",2014,-3.60475155123329,0.0953771928601356
"1479",92,"Red Junglefowl","2015",2015,-3.47408933352675,0.0878665350756934
"1480",92,"Red Junglefowl","2016",2016,-3.80405280016084,0.081029358279368
"1481",92,"Red Junglefowl","2017",2017,-3.23481336311742,0.0720435304459547
"1482",92,"Red Junglefowl","2018",2018,-3.53600626263614,0.0693397099816133
"1483",92,"Red Junglefowl","2019",2019,-3.58930352100824,0.0717450974294287
"1484",92,"Red Junglefowl","2020",2020,-3.59110936969552,0.0718076707264782
"1485",92,"Red Junglefowl","2021",2021,-3.5252035633286,0.069285695269954
"1486",92,"Red Junglefowl","2022",2022,-3.46368767106309,0.0696435603103122
"1487",92,"Red Junglefowl","2023",2023,-3.3377662290305,0.0706275362224428
"1488",92,"Red Junglefowl","2024",2024,-3.37151577762682,0.0715629688361732
"1489",93,"Red Junglefowl","before 2000",1992,-3.56519088995409,0.10869073756352
"1490",93,"Red Junglefowl","2000-2006",2003,-3.31759669759743,0.101161139265216
"1491",93,"Red Junglefowl","2007-2010",2009,-3.30745031355553,0.0948180652394779
"1492",93,"Red Junglefowl","2011-2012",2012,-3.29259730453658,0.0885150810987734
"1493",93,"Red Junglefowl","2013",2013,-3.64093410417605,0.102113604073532
"1494",93,"Red Junglefowl","2014",2014,-3.61846092820862,0.0944304462026626
"1495",93,"Red Junglefowl","2015",2015,-3.48301576462828,0.0801296280637087
"1496",93,"Red Junglefowl","2016",2016,-3.81105141360243,0.0748091704023278
"1497",93,"Red Junglefowl","2017",2017,-3.24147143068217,0.0668307390379868
"1498",93,"Red Junglefowl","2018",2018,-3.5435733158346,0.0704879398618657
"1499",93,"Red Junglefowl","2019",2019,-3.59109965041722,0.072401243545596
"1500",93,"Red Junglefowl","2020",2020,-3.60257391721312,0.0660759492587898
"1501",93,"Red Junglefowl","2021",2021,-3.5323191036863,0.0642628225053082
"1502",93,"Red Junglefowl","2022",2022,-3.4719101983995,0.0672182121775297
"1503",93,"Red Junglefowl","2023",2023,-3.34660553558277,0.0661740501104295
"1504",93,"Red Junglefowl","2024",2024,-3.3831556046754,0.063368544752837
"1505",94,"Red Junglefowl","before 2000",1992,-3.57040835721137,0.101277569894491
"1506",94,"Red Junglefowl","2000-2006",2003,-3.30883169514244,0.0946519217122018
"1507",94,"Red Junglefowl","2007-2010",2009,-3.29219113545153,0.0988931712127149
"1508",94,"Red Junglefowl","2011-2012",2012,-3.29655484919088,0.0919135719615114
"1509",94,"Red Junglefowl","2013",2013,-3.63473056852252,0.108512692242798
"1510",94,"Red Junglefowl","2014",2014,-3.59920253546638,0.0933883882220413
"1511",94,"Red Junglefowl","2015",2015,-3.4781826185843,0.0806481790613308
"1512",94,"Red Junglefowl","2016",2016,-3.8012939137278,0.0726210862139437
"1513",94,"Red Junglefowl","2017",2017,-3.23491378139862,0.0697542109993157
"1514",94,"Red Junglefowl","2018",2018,-3.53574224018438,0.0714276973755843
"1515",94,"Red Junglefowl","2019",2019,-3.59259727663326,0.0670296101037426
"1516",94,"Red Junglefowl","2020",2020,-3.59161520726739,0.0714681561196627
"1517",94,"Red Junglefowl","2021",2021,-3.52609125836102,0.0714324928987418
"1518",94,"Red Junglefowl","2022",2022,-3.4676397906583,0.0661920674448007
"1519",94,"Red Junglefowl","2023",2023,-3.33966834577773,0.0727651123621866
"1520",94,"Red Junglefowl","2024",2024,-3.37616257582055,0.0686890845814674
"1521",95,"Red Junglefowl","before 2000",1992,-3.55952328063273,0.109784861882807
"1522",95,"Red Junglefowl","2000-2006",2003,-3.31736260792994,0.0983314040129243
"1523",95,"Red Junglefowl","2007-2010",2009,-3.28916969942452,0.100700457055766
"1524",95,"Red Junglefowl","2011-2012",2012,-3.29225156223602,0.0988589891325241
"1525",95,"Red Junglefowl","2013",2013,-3.63781412168094,0.107320065337542
"1526",95,"Red Junglefowl","2014",2014,-3.60209200932021,0.09745963329709
"1527",95,"Red Junglefowl","2015",2015,-3.47210507470674,0.0818054698706545
"1528",95,"Red Junglefowl","2016",2016,-3.80412137557476,0.0711381778666849
"1529",95,"Red Junglefowl","2017",2017,-3.23397978853647,0.069736156718909
"1530",95,"Red Junglefowl","2018",2018,-3.53411755504168,0.0710265282138522
"1531",95,"Red Junglefowl","2019",2019,-3.58821968119041,0.0754903688444158
"1532",95,"Red Junglefowl","2020",2020,-3.5929004168844,0.0728338797044011
"1533",95,"Red Junglefowl","2021",2021,-3.52509493195358,0.0668387109717519
"1534",95,"Red Junglefowl","2022",2022,-3.46436349837087,0.0680329173280085
"1535",95,"Red Junglefowl","2023",2023,-3.33987493808258,0.0683524937672523
"1536",95,"Red Junglefowl","2024",2024,-3.3736413724487,0.0699571866875864
"1537",96,"Red Junglefowl","before 2000",1992,-3.56678331552387,0.104757225794349
"1538",96,"Red Junglefowl","2000-2006",2003,-3.3271452637698,0.0917434149664051
"1539",96,"Red Junglefowl","2007-2010",2009,-3.3006525186863,0.100251090926976
"1540",96,"Red Junglefowl","2011-2012",2012,-3.29745521576181,0.090850776434478
"1541",96,"Red Junglefowl","2013",2013,-3.64847479544065,0.103953468870445
"1542",96,"Red Junglefowl","2014",2014,-3.61496324514155,0.0937167317810288
"1543",96,"Red Junglefowl","2015",2015,-3.47963203405963,0.0814028332697784
"1544",96,"Red Junglefowl","2016",2016,-3.8115989935372,0.0740580120517835
"1545",96,"Red Junglefowl","2017",2017,-3.24107719960041,0.066812698824921
"1546",96,"Red Junglefowl","2018",2018,-3.54310853583737,0.069601333018806
"1547",96,"Red Junglefowl","2019",2019,-3.59422207648983,0.072964002805459
"1548",96,"Red Junglefowl","2020",2020,-3.59850702364929,0.0695454165136047
"1549",96,"Red Junglefowl","2021",2021,-3.53516641383932,0.063991732077003
"1550",96,"Red Junglefowl","2022",2022,-3.47196645189977,0.0654061868629449
"1551",96,"Red Junglefowl","2023",2023,-3.34497233867798,0.0670460757889303
"1552",96,"Red Junglefowl","2024",2024,-3.38423819114061,0.0647451002691837
"1553",97,"Red Junglefowl","before 2000",1992,-3.5679217251297,0.10050925560706
"1554",97,"Red Junglefowl","2000-2006",2003,-3.32179082479463,0.0899855992092
"1555",97,"Red Junglefowl","2007-2010",2009,-3.29428912619717,0.09621329516424
"1556",97,"Red Junglefowl","2011-2012",2012,-3.29471325078309,0.087735252613522
"1557",97,"Red Junglefowl","2013",2013,-3.64179779856683,0.103106384847866
"1558",97,"Red Junglefowl","2014",2014,-3.60373313044655,0.0891691023979808
"1559",97,"Red Junglefowl","2015",2015,-3.48199598993202,0.0719607408687444
"1560",97,"Red Junglefowl","2016",2016,-3.81446762250839,0.069448503826402
"1561",97,"Red Junglefowl","2017",2017,-3.23621509073995,0.0672712827105668
"1562",97,"Red Junglefowl","2018",2018,-3.53608140703878,0.0718253694686314
"1563",97,"Red Junglefowl","2019",2019,-3.59337062864725,0.0680781657226193
"1564",97,"Red Junglefowl","2020",2020,-3.59316350233042,0.0680584990004389
"1565",97,"Red Junglefowl","2021",2021,-3.53291958918284,0.0648465599347925
"1566",97,"Red Junglefowl","2022",2022,-3.47201642115657,0.0621749360034151
"1567",97,"Red Junglefowl","2023",2023,-3.34299768937349,0.0657265031999424
"1568",97,"Red Junglefowl","2024",2024,-3.38097355730539,0.0639059943722778
"1569",98,"Red Junglefowl","before 2000",1992,-3.56881862944349,0.101572211054971
"1570",98,"Red Junglefowl","2000-2006",2003,-3.32307733967149,0.103655458513025
"1571",98,"Red Junglefowl","2007-2010",2009,-3.29892760729372,0.0937823219929735
"1572",98,"Red Junglefowl","2011-2012",2012,-3.29723718478115,0.0925569233803778
"1573",98,"Red Junglefowl","2013",2013,-3.65079319897535,0.0915886748552209
"1574",98,"Red Junglefowl","2014",2014,-3.6064350620879,0.0895158524607812
"1575",98,"Red Junglefowl","2015",2015,-3.48093886088185,0.0840914550808767
"1576",98,"Red Junglefowl","2016",2016,-3.81113704174834,0.0733456426621188
"1577",98,"Red Junglefowl","2017",2017,-3.24108062904499,0.0642282449110665
"1578",98,"Red Junglefowl","2018",2018,-3.53914390518845,0.0678829063452587
"1579",98,"Red Junglefowl","2019",2019,-3.59041631563168,0.0750524254696472
"1580",98,"Red Junglefowl","2020",2020,-3.59467532288647,0.0708943341956426
"1581",98,"Red Junglefowl","2021",2021,-3.53361749253591,0.0644919940027013
"1582",98,"Red Junglefowl","2022",2022,-3.47119342215333,0.0641660154536323
"1583",98,"Red Junglefowl","2023",2023,-3.34578128448106,0.0626372581767093
"1584",98,"Red Junglefowl","2024",2024,-3.38160036809396,0.0615613045686866
"1585",99,"Red Junglefowl","before 2000",1992,-3.55929004743763,0.106788795147616
"1586",99,"Red Junglefowl","2000-2006",2003,-3.32370578164741,0.0946818866408939
"1587",99,"Red Junglefowl","2007-2010",2009,-3.30517418779469,0.0919177369478389
"1588",99,"Red Junglefowl","2011-2012",2012,-3.29243958873935,0.094657458210856
"1589",99,"Red Junglefowl","2013",2013,-3.64716276243563,0.101975345695275
"1590",99,"Red Junglefowl","2014",2014,-3.60415594295847,0.0984311310681918
"1591",99,"Red Junglefowl","2015",2015,-3.48810655783144,0.0720693141694209
"1592",99,"Red Junglefowl","2016",2016,-3.81088203392664,0.0761562455896263
"1593",99,"Red Junglefowl","2017",2017,-3.23876206636998,0.0714773338836451
"1594",99,"Red Junglefowl","2018",2018,-3.54299145767098,0.0689156445396865
"1595",99,"Red Junglefowl","2019",2019,-3.59447935998418,0.0731002424432959
"1596",99,"Red Junglefowl","2020",2020,-3.59454071600279,0.0725636145050527
"1597",99,"Red Junglefowl","2021",2021,-3.53223568251033,0.0709260611701632
"1598",99,"Red Junglefowl","2022",2022,-3.47130731825975,0.0674603606036696
"1599",99,"Red Junglefowl","2023",2023,-3.34204088902656,0.074250504142935
"1600",99,"Red Junglefowl","2024",2024,-3.38151074354098,0.0679959244882585
